URL,Fecha,Me Gusta
"data:image/png;base64,iVBORw0KGgoAAAANSUhEUgAAAKAAAACgCAYAAACLz2ctAAAtXklEQVR4AezBAQ0AAAjAoNu/tDl0QAAAAAAAAG9NRy179gDrX9NdcfyzZ8793b9r27Zt2wqqoHYb1rYdt1Hj1AhqI6jdPrafizO7uHOSnfMi+uvFTlZm73XO9TdrZnK/TB6/Ctef5jqudm4MbgTXBofGUXAYHJaLvq/GUee4GR2tGz2tndaa80a2hWhAdCPCiAA0dBmBBQ1bH4BONqFJi8ggm6FrGWRnXKwxmrHS1kWsYYyDOBucdLk27Sycnod2cixOhzw7Fs8NnljFk8PZ01fFs087fRzPegmt+HP3uNvrF7325eD1lu6t1/SW2bxWX71x8iqRDskRjoNlqk9FoyW9yUjZQvYwgmxdIqMRzRoNNuiEjmYIIqQmNQQaltJvft/gFLnNDX3OIbLJ7FKIPBIjZAbTjzUYTeairawjGOToYm2chHG6cIa1y8eSe7r492Y8EM7/7Ez7rzf1mg8j3eUVKd1N9ZVXvUY786qteUfpnYKPkN5QuhaJokgCEEUNCbM34QlDQxhCCpu/gjb9xtTQUOHr6ucMCzbfXKN4Md+pMIbQ6rtzbnLO1Ln21QspdjPDBaT53138NeN3mvO/Pji+7xW95n04eTmAu/o8Lr3qVW++nnmj1ny08B6R3ly6DJEYhLnu4bPv9zCOCVAW+NjgaxID6QghN1AnHEOvMBTgluLt4eo28KI+n37Od7MAOHQNSQGvzb4CGGWtgDLUPlg79zTrn5G/162//4z1P/Cwu6DiHv/gTtYPXXnzj8nwYdL7S6/b0qtFIIkJm6TC15JaHQqE6h+spF2Xcs6b39VkTItkex/toi/gbT52oDW0CZitl5svsGy9nE5qWMQOMKImq6SAW1O5wvjCNbbPfTqs/975S/JXbzj/VTxyhxPw79yJ+porb/lOwee15qMNryNdikQWgCaEkpizCWAgC2hKH1BTrEC1zNSLDawCYNsDKAuYUYBlQYgKjIOgAlfTUmyfRxdy9il1sYdOg33i1c+/B466Fo0pQnIxn+L+kP/cjB++4t9+Eyd3CMBfdbvqy33U8ZVr3uucL4z0icHV2GCaYBlAywLclKyAAYGOKGogS/LVs9+qTfBM4FqBsU3IzHWhwBuipGDIOdNFScU9gAG7rbSeA4HYVAGsniFEAW0gNCkk068/nwmhzZt92a7PG3966vQHw8kf4H63seJpf+p21Ld4t9d03cdKXxe8uQRiEGqylXMeYi3PVQBfeGLsz0nNqtU0nOnX59z3aWctZ7cJZwGws9/6LKKAVS8eKbQdTKFJrSTh5sf0a5rZIBUlybBPPpA7GPdKrAIqjFKzPtT4le78m/EftzEB/9KtrPBO8Q3XvLX0tcJH49UlMWjq9nohaGP6VfUP/GLUqYmmGxiaUdJt1LSbIG694pkfF/UWLMo2u78Zd20DYoNM7OA0e+X2awO39HsQ61wvUknxxsTa7JXkI6zswdxAtEr5W+SPd9d/43ZsywvX3cr62uveE98ZvLdwsMHUaImYwAUxoIJHY5cEBKAVlWQoyTV0Y65ZUs0GqAWBmLAu5VmBtMC9hzxmHxobQOy2zQ3YCiepUdIaCPbPZIFYgc8ujbMmIxW0zdGo6VfW0OQH4fV48rVYfgHP3OIE/Bu3or7a218+vuGTpZ8P84JRoAJoFbpBjN35zy79CgTFL/2oAAprmdOypSETsGGRYurIoKRdLynSRAVYF0xvQlWSDxtYWgEidhenALETkPXzU8BUkpDcz4LiZz0DCuaawpBztUlOnf8SR1+Mh29hAp7dgvPeu1w5vILPaekbpEsRBCJQt9S5GrsLRdIrpFDhm4K2B3N3QyypNZUl8WYKTmjJAtiw1PcpICsA24ShFcBil3pRe+qtlro9S9if7+TuZ8MuxVRApdwl6/Y5kqKo0FH6+DTO/pHTn8F/3RIAb3bCfu+rvv/10xOfsaRvD149AogoIGUBcqWNDcjZ7858ClgNSt/ZATGmN0aT502eLPL5Lk/TOFt4Pi78sRgZcjTySGaTSbrw6bJAPdLs65bbNGFomkZJGtGY7wUiJkzRBTQyQosmG9nJQ4hLF2seB5dCLEFLIwJ250AAsgK+AwwGCLn1yJ0A9R3rVxOvyvrt+O9bAOBwM+uZUx/bYsKHTZIAtCAqaBt8Zd4lWvXOgoeDexb+Jbmn8dTCk8RzXTzfrKchnj/iJLVnunyuy/O0JrkGo4tMq8vkKZCLwBlIHEgO4OAUADFdDhKBVIuDI8Cp0zhsroMzZ3E014OG8yDi3HkPrR85tHB6vFquNC43ebxwPOQxcSXEFdZXaNorhnxL8nXxWuRlYBQIYZQ+i/aVRYGBuIxP4+ghjn4Yj7iJFelP3Kz6thvv/m5n/FGjB5Rz3P4/Gm0q7NOvbquexn0L/xn8Ef7mwJ/8J/dgeHkB+Cb/8uosb8r6/ng3vBnj1cnXICuMU1l6Zc6ptXjrXP0wH/h1OL/r/hf8Lde8re6HpA+NknaSmDJoCmQD6/RMKP+nvbsAsuS4En7/y6y63T2sscVMRsmklekz4zIzM++alzf8DIvGb3ntZd41My2ZmS1ZMglHjMPdfavyPLobcSNj6k231Hem50X/I9JZWdcjaWb+fbLOqcy8RMMefBIfSfxnw6dX/iC8wU+5fjMH70d5IL6HuBf9mUQzLeNEsqlWKumgn5a2p3sq/msNBXznGsj31BOb7EWJ74iwJcHUtBpBiinJpt9wFGIiZmY586+JdxY+cCs3YNkGdyMyfuJ4tj6A7htI3045qxKuuu6hjnwIdCifoPwsPrZGAr7d3eGnfc3o9O2+PfOX2JICpoUjBYFcJRmCpp+IyheDP5znjTu4Ab01YYPvJHHJiYzOZPnFlMfhUBJOtXock9YvEf9G+yzctgYC/oe7w28d96THN+HvU3FGSvifCAf/IyDERLhCiknrydyY+MfEi3GzmbLBz/jsFnwH/dOIB1JawnSjryJifd9BumfR/A2W3A3auzvDjXrflzgjBSYt+Z+ePB0Ro46Cbiv8Pv4y2GfmbPCnHrj/5/h7Pn496bnEo1FFvPj/aFA2kX6Cuffi80ctAr5k+5MeGsV7EpvS/0gGUMiTPiFNop9g8hy4C7/1U7wSYYOjwCfuS/+PlK869FQcA9lxZ3L9J/gFd4OWPe4qUfxEEzZJ1AJCE5QgIwc5kXqasBsvnecf/4GwwVHiqy7/QR/6Tfwu8WCmZQMD2XEgkL6XO5+Dxbsh4G6snpct/MgT5nhiQhRSIiEVpmUc1e96w0147k/wFwgbHGUe+Q4+fAfxvykPIzI9oAy0MOnvwfZn8u2/h7B6pLB6Xi3mbtrs5Sn5sQgLSbWkatKmi8uTscQf7eZXcNCas8Ezvbvl8QXFqnj3D5BeTjkeKAh0iCEBUT7M8ndil9Wj5R+tlju2uE/LIxULkKaXyBcgFUzX/oAvBr+zc83k2+BHvLvl+LPIj6C7F8edxqfvIK4gfwSfsiJueS0n3Jf4jfr57zDlmvNpvwZ/afVoaa2W1Dmn4XyJBIjpwnKaqgGaXBN4GW60hmxwwq9RvonxaaQt2ExZxh7KbYxfQ/c3uNowOO0gy39M/AJlx7CEdYISx1Eexc5/wNLqBbTdavhLX3vSiG+IsC0FEUAytZOtLsEg8erCW91tNvh+Ep+9AC8mvoaAaTFaYjNOJi6g+S76X2P5nVg0zI2MX0D8LjFHDwiUqkFB1+Iibn0wPrJ6Ad1qNcxxai4eHQGYFhASqQDQIrE38/pXcYM1YEPAz56G36U8GXWNDuoodT/S8xjdjvcxDPvfTvP9lItI9T8HtYSBOBfn88MfRaxSwB9cnYCNe0fvPEFKlCDXElKv5/vomA98G70N7hbf4/072fKDpKcQLQWgFqNuD6a8BA+HYfIV9K+iPIho6BEDq2QAbKW/iL99K+5cpYB/azXk/kceHswlCDIyYmB7IQ4kPnEJ11kDNthxOuMfJOZRiRCAGGpfRX4gPmuQrUvc8UnKtTi7WpwKCEBfCT4+EXfOdEn+HF8TyAAIqASckvLaxFsuplgDNlj8avL9KIgB6aD+HEpD+Wme8AsIg/zrpcxfQpxFn+hR/3N7FCT0iIfhFHxxdQKugjf7yc0tZ0NGVPIFciUjri9cYo3YoFwwLF2soJUL+MBW7DXI99zAqy8jPYV+nnoKdqhVMlspZ8HMIuAmzgo2FWRAqabfDIAEfBx3WCM2iJOGhTPdDxSO02b27MCwgN4epI8xvgWnD5dkahnLg/H3M9sTMuK+BRCVcBmBaRqM+Yg1ZINYImCVURCgD+bGDsuey4jbiNOHM2G15OfBzARsuH9jOPpFJR+6OAYFfLzntzxxJ8sn0J1EeybpfOJsnEyzhbSVmCN1OEDsJe0hfYX8JdI1uIXxjYx2Y681IT6PbyENyFeqe10lpi/x/lscnks478vEg6YEq/95VSJS7s0zE2IVAj7dSpnztJNV0tXPgYXpJOS2TexyjPBwb93JwoU88t4cfCjNA0kX0G8nIwH6gTO5AgkF+SBxC6P3Uz5N8wl8BVe7W5QPkfZQtquj23Ckmr73bi4qVsRtV2LgmY9DTM1n8+LN2L8KAV9sJVzqOXMjzquTj4I8rPzV1jkXeXXD9nPIT2busXQXEWeQNtNVUqmrnJWMaToz3EQ6k/77SN9FXE+5Fm+ifT+nfBKLVs1VHye/nfLdpAEpoK8kgbiNxTdaMeVSkuGl+lGPF0jHr1LAZCU0bJvjOFUZsq1ELEiA4ErrmAd59VZ2/CK+hTiP2EG0h87vA1DXAFLVZ6hp6c/EmaQL6Xex693EX+OTVset9K/Co4nTCBRAfV2P/THzt1gx+2+mQ1nhwoSCvMMqaAkrIbF9nvlUBfYetcKBhLQOp9/7+sSIvWcx/kG2/zDlLHowTKr6HpCqBqrPVJ+lHaQduAA/T7yS9FqWP4LdDk+H1+E4PJu4PzH0Cg4RlP3EbzP3Cqti6WYMRL4ykJAsn4nPrkLARSthM1sKTVRTboMYKEon9lhHnO9dW0jfhB+nfyxGFBh4omW41G7g84QwLKb6n/dTxBOZ/1PiDVY+a/w1i7dQXkicjy1EJYegfIzyRtJfs3yHVbG4l3mE4c3ttfjNCVZBS2MlNOxomB+uPEEoSAKhiH3WCed673l4GuPvxQnDZ6IEatJQZKtamRZw4CVlOdT4fMoL8D3EL+KjVkT7Zrov0T2O8hjiQspxpH3EV/BRvIM9l2LRqsn7h1ZEDz8P2rpKAXsrYYGtPaNAUSf+RZKEkIWEUIxYtA44zdvuw/yLiSdStgy/Sciokw1VRKsFrZ/7Sh3l6ux4oGgcW/Ew0h9R/pw7/gnLDs/luJodb2O8g36ebky5kxNuxz6Oc9f43BJ9ITKl2hNiYP/IeH4m2zLn2DoWIwghEDAZhYl4QhECSRxVAU/23/PEj9I8j+6kQz+k90iADlDLFnW0q8WqBE7V/TTV90iGSQ/Dg9j5ABb/DF9yeA6yfC2upUUL2OfusXSAdomyiVRHv4FIaPNM3gXPMUfJvZBMu19AL1Bk01OwJUeJk3xsK/13kX6H2AnUf4BQhkRAUlELWY3LgLihFnGYgHnS02jPIn4GtzgqfHSRh+8nNlWSGX43bG4mWXCxON9KuQGhTPUhZFAUoUGIEuKoCHgP795G87P0v0jsJAB1/m4Vz3x1qyVMA2MwICTDlAbfRtxG8zu4yhHnx3ou2Uscf4joNzSen8kzYKOMktQEQkgC5CkZCWXSB306CgJu8x9zLHwt/a9jO/3AEWSqWt40xbBYeXjZxWDtMCE5PAG1sN9Hl7jjN3CzI07spx8Qrr6H1QtYrISRMhfkiWAaTK6r/y0ClOVes98RJ/8Y49+nbAf6SQMoA283IEE9bRbSftxOvpP+StIdxD7yMrnFZspO0imkE0nbsRNzwyWbmgQOURbagh9nxyLxu7jeEWXXvrrkQgcDUs5IQEqbRGoUYCrpgDKRL5mMlMVWHHAEGXn3ReT/g7J9+Cd2qGqpyoZjiXQV5VLyJ3AJzRWcdDk6NW5pWLwnWy4gX0g8jHQf3B9bKMgwLKQ0VBpK+Bnsxm86opRu+NwYtXwo7YwEXG5JmQAUWSCEkGEiYRGwFEo5cvL99zmMns/4ZMrA0nGqzw6VTCzRf47mX0kfJ11G3Aws41oD9LiZ/Tfjv8nb2Xwy6VGUb8YT6LeTVjr9Vr2W8jTKu/BeR4wY061gCi6AaGeShNC15HyoZ6hUnbieBCwnpXdE+OI8fob+CRQUAHQoVXSpM9UMcID8+/SvYv+VPG0Z4a6xB3t4xZWc+F7KE/DTpItxuGRkoNRfthG/Oim5XOmI0HcUGBSvOnW1nUkSQpln3BAw8MK7TAlZlmh6M+e/R7TfTfMz9Fsoh4l41NMhcYD4N+LFuAxo8CfuPt2Y67+Cr+AvOen5xPeTziHl4cjHwL6Pp5Key95n4Q4zZ7w8sD1zoKRVmllNwQ0lkVBgOB0H/ZiDYeake1N+kNhen940vGgzoSDgKtp/Yv5Pcb2ZU36PuJz8y7iQaOsSDQWgvkY0eCJbH8kV70AxWwqljnrDPyCkGW1KGjeUVE+/hkschQgzp5s8X6kLowNLZ/O0iLfgl1l8G/Y7Itx+kP3/xoVfon8uvpEAVT+QFRc4k/gxzv4MrjNTLi8YXo5FNe5XGwG7VQgYiYCBkGw6AsXsBdw1R/l5+oYyvDFHqqMh3E7zq+x+PTpHlsIlH+fcp9OeiwtI9azCcFYMTyEeidcc6Qg4fNI+RJ5RErKcKYkY2nlVR6CgMzueknjRc2hOreUjBgrK0CHfSv+DvOs/0DlqvPtKfvTbGP0B/VORMTSj1AJsJ36bfW/FQTOjKwTDEa/+wUkzEnCpQaoLuZSBelBfEGbG755FfCNjFBiIFnVxOd1G/Cm3vIeHdI46n/4iD34p6QLSGQQMJFF1K/dm68PwHjMjKgHL4X5A0qySkEwkykAELNW9PujNjvSNjM+hh+FFAVQSegvNn3PPg9YNu9/H9j8g/QZlp2kUGK7DGf8wt70PxUzoAVBqCatmlknIUgJKbT76+g8HHZowEy7ZTHk45QTyQCG3ALIpxjQvoLvBuuL2JY77B7rH4RsBiBVUHOLBnHghPmsm3BlDq6AH9iWnGT8DFtONhA4JBWOAoJgN+x9CfhTy8JQbaNAjkArNCyhXWJd84WZOewZzT8BWyko3nd+Lpe9i9yUo1pjhVTAG6oBhRoXoA4mMfmhXPAJ9Jeda8+9znH0/ysmESRt4n9sBMspn8Vbrmmuu4Nx3EN+BoWhT/6VvpVzAju2405pzaxDqBkP3ZzUFO3QZpp/qTfXdjJ4Bd96T5YuJheHlVPXSqTQm/QP7v2Td0/8Z6bHEiYYjTl0YPoflc/Apa04fAMRK2sySkFS9dhvYoNyhwIyqA/M7WXooCeozuSohCxLSdbQfZmGfdU/+MuP3kL7zEAIOTXsnUE42E8LKBYQwqzIMukSYbnSgfg1GxGySkIMnEvcjIWD4iEyBHDSfYvFSxwQ7r+Pmd9B/AzYNr+yJ6Xunku7H1v/CkjUnqjZc9pphErI/kwY2KB9qDL0ZCHg67SYSDCyNzwBIeyZns+x2TPDfPff5Iul6nFdFuuEvmOZc9m1dewH7ICGqZrCf1btgBMpKzolDMRvKvRgPlJxyJWNG3IJPOaboryZfSTkPKCvIPMvkaBG3WXOGi8+kIzUFj4cPpdHX0/AMBezOJw1MtwW5zoj3E19yTLH3FrZeg57SAFG3eja6B2nBmhPD8lHdM8sIeBDQVxKODe8ZXbb2jE8CciVcroTMKChX849fdGyxyO9dTTpAbKMADEU/lJOIzdacWjrDEW+2Ai7XG1PqcsykQcywDthvJpChPnUAqnHcyvcWxxyxm1geWARQtQI7sXl2CYjDyzf7OqCq3jf49U3oka09461AGmj1ocH2OybpD5K64XfB6vEm4jgzo5buiEfA8QoOKIR+xlNwN0+CAfmqEwr1Y8ckpUMhBt4Fq68TJc8uATG8n/rITcGDGXA1Lkhmw7ibFpAGkAfOaGkbxyQl0+eBetxQRIwjF/nqa7POghcBECs4rgvC2tPtJ9VvO5CR62VYGC84JukXiDy8UUm9FnOZvN9MGH7mIw2M1/iIXvqBBah9/dM44yjY76egqZKNfkrABmFyfQ/enhCOKR60jTQi1G0gIdlN7JmtgBjeT400yym4q4QrlZhRj1GsOW23Vx8IZCKTAlCIBhAAp/KtJ+BmxxTlnqQFihV+M9LtdEuOCInhkx1mJeBiJVUtYy1dmY2Ao/GXzSNlSiIyMZWEJERBpmRKd4L2zgfgPx0rLF54AuVCYiKgAQGhB5SbWT5ozekHdhemgag3uwg4fCzD8DQ8AwG7L2shI5mIRkqUIAXREJPr5XI8zQXHlIDyKfQnDhR/h1ZHX2smZ/GU4chGJeZsyzCBOuoNL8tXMLbmbO6uJC1LaY6Ehkjkhr4QGcVESprmOBEXm9u0Bfutd256V+Ih96GcP7wxCaJuX2LuTmvO/kQc5uR/dzkitmQrowsi6BFqGetFqRo0ZhEBbyHdSDqTZBpNAgSBSEhZOFcsnonLrHuesYNyMf1WwIB0pvuD+Ap/st+a8/0D34liqI8ZZcHjoFTSqYvSpDE5MZKUkqw180s30rwP3y9lSiElIkiJUtCgEJM+8oM1HuaM0ZfQWc/c0N+b8h1IdfQzPCVfzdKX+KGwNqzyKyoS0qyTkPHA9FtIQS4o5J45jLokj609N96iPfHT5O+lyVKQEwUp0QalEBmBhrCFpW9xg3/H9dY1/ROJc4cTDyj1ZzfS3GomjBPJMLneCGYm3xPCUmBqCu6RyD1NT4vU0wajjjZIyZqz7+Qlxy9/Rso3iO40elKLnmiJQpPRolACmWieKo2/Fn9lvXLZA+5B9wtAgMMnIg7gM1y1y0w4KQ1Mt1WDPMskpA+KSSMVYNTT9pPIF5PrMcnsjgdM469o5i8jnSaj9GiJ+nSpTEHKsFnE09a1gOLHKaetUsBbKO/m9M5MWK7lg+Hvx5djRknIUlBC0wFtz6jQFEY9uaMtNGNSIfdJU5JZcMAV7tF/UEoPp91GQ5kjjYlR/SaEaIkg8gMVzzfuX4x91gufvzTxI99I/Bx9Ld/hZPwMt7/dzDgOUYtXSQcNEtLMBOylCKMeE/lGhXZMM6YJUtD05CAjzI7UvUPje6Vum2hpOmJERilEQUMKCkog0zQ/aS5/3scueRXCuuCHziY9i/5sYhWLAaC8ix1LZkdCteLc8HQsm42A+WAY9cwXck9TaCdRL8ekIaFFIwuzY59PON47iXsxJsboUWhaYo4oRJCD6NEiThbNr/tfD74CH3O0+eD9zyJ+lfhfh5evjopuorzKTGkzkAcEy9PRb4ZT8Gipt2kcmn6SaAQ5SMhTrTG5lnSSWRGW8UqNXwABY1KPEQXRokz6BkFEEum+YvwrlvMv4wpHl5+l/36MMCTc0PU/4RYzJdKhI15GnhZvxgJu39/LitZUpKt+AFokJJCMzJY7fM5J/lryYwAULKEnMjYREwlToSD6OdF+u1Fzb73v8P7Lv4ziiPINx7PwHMa/Mlx3g6KGQPo45S/NnNyQh954VBI2UGaTBc/ppSnhagnrSJglRTJrWn8peRzOAwUJOqDAGCNiRELKRFD6B8ijV3rivX5bGb8Pi2bNu+854qwziF+ifPfq1tIFIPaT/4buajNnLqOWDhmpatD0s6kDNopGqabaQ7eERntEBEw+qfEKyQuwAMIUy0SHnuiJQEtpaDIRj1Gav9DO/4kyfiV2myXbT/9O4+6nLHmEkuZXt5wpAN5LeS3pgJmTUi0goBYSzQyn4EYnC83AlNtM9RnJSJLNmjstOdWb9b4WT4BaQgplmdRROmKOPE80RMqaOEuJZ2rai/XxvJm8M/7cOSfSfr+2e7rkTFkyTiyvZiVxIF2DV/Lmmx0RvndUvemokpGmFrDMJgJmi0Z6DXIlW1MnRMgWJK0jwa0ut9MLzNumuJh61TqaIHpyj2WMKS0WJiK2p4j2u6TR10heL+JfLHZf4Oxd6KyWd787Of2RO21fuJel9I02lR9nfLJRok+M0SCjS/SIertpjTH5hXgDX+fIECPS0HTLtBCgHa9SwNaKWNBRTcGVfJWAc8iOFLu924leqvEPQguo65EUKMQyuSeCmEPQF3K/XTQ/rG+fYvPcx6Qb3qRvvqhbvMa5O2/A2BCv/ETyqEedYpxOcNGj7qNrL9b7OnNxgVIokMiJhAajxBiLiR59N7zOTnor7/hrR5TvGZEcfitsRoPoZrMpKes0QlMnHBwyOUkWJAuOJP/mVX7Ak/BjQh4+YQx6So+eWCbmaEaUEdHQ9KeK5puV0ddq+2u07TV27b9aP7pSTnt16aDIYyU1+rSgNNs86mHH099XTidr8rlSt02TspLoEwWRgJQm8iElErpgKdMHoea/6H+HxxVHlNSQTFE9c6kEaLqZRMCJgH2VaNQCkqYiYNjsSPJUxdjvWdAKP8Jhvv8lIfVTb046SiLK5F5DLnMin68058vRyQ6KtCw3HRFI5EZjTmdOlAUyqRAT8QIyGWlyDyJNP0MzTuTCGEuIBPBF2hey+9OOPJtMU0/Bcp2QjGdUiLYsK3XCUUsoIaExwiZHmn2+YovfAHynbIsY2F8NPXKgI3piTLSUeZNnQ7T0LaFV2m1kcksgZ5O9JzQNXSISgT6TEyUBMn2iR5PoJn2LLjEXLCVGGE3uHfTf+DW6j7DJkSe2oYo4qml30oyQlmazILWxLCkydSJCPR0jazDvaHCL693T8805iJ9B0iCGv4wIlKD06Mn9RMRJ/VBHNKRAJhUik1BaSiYK8kRApMl1n0goicgkpEwO+kyXaJAQiRbAZyx4Pj7iaLGYN5OQB9YApvovfnE2WXA7EXB6uq2lqxsLjha7XeUeftOcLfgezLGS3Y2AMomIZZItx4hoiYls0VAaSqb0yJOIlymJkkmJSKRJK4k86ROTMSmRUSbXPaT/Iv2+kfc4Wtx+1ibSdhIMFYCrZ8K8PKs64KKkG5Stvt+AOUeT3W53gt/U+KLsGcLxSv1dNkNf+ghB6smFGBMN/Yg8R8nkZhIh00S4TExE7Cdy9ZmUJtdpWk76oM8wERTyIt4jNb/qlP5SR5Pb2wUsEEgDG9PriDR30CpoV+xI2K2xrKmKz81gHRAWHG1udy1+2+k+KjxbeDzmFUAMtAYFEEEEpdCMKYvE3ETIhhhREhq6TGpIk3GbpoWkoCRSppnKjrtUhF2a/Dxf/NzfobjKUeZ+C2hJpptagukoqCzO5pT8ZI9kXEW6OvFQfb7VeuFG/+4UXxaeK3mi7EzB8D7vKQlLvfemYJFIpBHRURoiEy0pkZvJvYSJkGUiXMoIIgHZPpp369K/GvX/5KL7Wxd8cmkL80N7QAZqgXOLs4mA2V6NcZ35Dj8SgO3WEze50vF+zoKnCD8gfJ2wRUGqIl8ACsPfTBHkZcoypaEk8iQalnZyryHlqc8nEuZMZLJ36/MbpMVXO+uam6wnPnnxNkotHKA5ZMQhbptNIXqrg3qdNCBfQqbKkndYb9zpoLO8w6JLJG+U/YrGA8SAdAlNdQhXqc/hRN+TEP1Eskxu6FpSQz9PDpMISO96pXmNfv5PjZevwUG7Tre+KDum/2JRC3eotyE3zCYLXnankT1VtKt+EKraIPe3HtllGVfgCsd5gzmPl30bHoLzhG1CEuiRBs7krCNnTO3fz4XSkZcoLXm8JNxA8xmpfZPF/o24Td7LZuuU/hRaRCVa/TzYTo3jptlEwHe9bL9vfNZV1TvfYfkykrOsd/baj7c6xTv17oNvFx4iOUdxkuQkIUnIdeRDqqboyViPZK/karpb6D6jaz5g1L8D+8w7FrjvlFiH2QvSIHeUO2eThEDj2mqarWWsxTzZvHvgduud3Tpc6mU+7/l24ky9E4w8WHGG5FzFCXonY4dksyTphGJZuBO3GbtZcp3kK8a+LFwh3OgG19F3jinSvYk6+YCB/cB5F6ffsUoBz7Rikptq+WoB6xUxevfFBx0rPF3g9kmj8X47bNPZppg3sklnq2y70KBoHTC2W7Zo3kFL9tlvr/McRAH3dmzxvG88HtVDaRp46A9kpGu4oV+lgDdYMdlH6ihXPwNq6+K4x+GDjl0O2uMgbgZLaihoALAwaXscw8xfhFPISAPymRKgRXMZzCYJgd6VRjpZO7Ai5lDtYbZYwKINjiGai4idBAKQDvPdfPFZmE0SAm/4ozt9/y/eIDtjuPxSPx+6t0X3w6dscGzwe1+/ExeTjqsEA0BSRcclRl9avYBGVkX2CdkZlWhDWTDZ8bJHHksCbrD1NJxP5HqaIwHUUfFa4tbZRkDI3i77Jo2sGYx6JJNrJ8qegtfgZhusb5730BHjR9Hed7qmRD7MUvzyPtrrYTYrogFan5bdJDtl+L1wHR09WHL/Y0HADU45C1+H+eFDMVPdOvLHOXjn6gV00KrYZJex92t8Zx35BiNidqbk62Wfwm4brGPKwylPBNJKN8tfQ3wOS6sXcLXc5FYneLfsWzXaQ0XBQ2TGWfYdslfhYzZYx6SfIW8dPp63PhEVfIX5y6weLfNWxatfsexpP/1pXC67UFtJV19ntEjOxkslX42DNlhfPGs+85gfJx5Nj4wGgQDkQ61Nu4PmnSzdavVoWbJqGpcLl0kuQJKQVrBTrvEY2dfhtTZYZzzqYtqfhuHzanq09TfVX4P/Apj9FAwv/8PbPetpb9F6rMZJh5x6m4FpufG7sr14lw3WBz/9xPNIz6VcMPxVEACpkjN/gNs/dzcEvN1dInmb7CekWsDhpkFyjuTXzbkNn7DB0eVHnngy3S/QPJk8kPnWfQAKuj9noXMXySy4S+2lv3er7PclRR54H9xUPTRajccp/kj4GsFGO0rtFy48yejAHxDPIKbkA+gBkOpr5DfQf47eXW0tvbvMnLcrLpE9UKIWsX4WZPozj5S9VNiFSxxZNnjOheebm/t5Ed+lFPo8fCi6glLddz3jV7ibpPA8d4vnPe+7ZK/QOE5T1wLRHLZE8ynJy23yBuy1wWx5wUUjtx+8WJd/RTf3eEujHbqGgyO6FqNJm0Mz6UeYRzvpRz2jF9G+DLfC7JOQYd6t8Q+yXxwWbaAlZA/UeKGxBwkvwY02mA0vPjvZv+cnjfLPyc19pGh1iMQIfRCBqNaYRdV8gfKvPO+2NYiAa8Dvuw/+QOPJGo1m4OiQKjs+xPgmxcvxDsnVvsVuhA3uOg9Ic+6xcLKDm59kvPB9utGT9S3jecYtXctiO+lHLI3QYH6qn5uKjPNX0D4Db7YGpPAca8KLXvKtsj80cnq9YHWF2fH0GTSflbxR8kHh8/a7Bb0NVs4rHC8508HRRcrCN+vnHqOb22E8oowYz9G1jBu6EYtzLDfsn0eekm5uqrUYvRDPNcysC9EDHPBW222S/ZNUZ8ArOFMQMrI5ycWSB0luknzeTp+aLAO7zC0uq2XcAL8qe7CTLblIcn+Ni3XO1XT3Y3mzQGppglToe3LDKJGCvkdmuafLRKm+kLxD8zqal1lDUniGNeMV/3uzsb/S+J7B9YFtdZ0MrvqetJDtx63Yq3EZdglflFxv5EadfTbZZ9GiHQ643RI6a0UjORz7HI7hx/Ul7AcsT9qWSX8AT5C8yYJiXmezYrODtuM4vVONnas4z9g5xk5V3FNvm142Rsl0mxlvopunTKbcbp5uxHgSCccjDoxYHtGNMJqOfJ+geQbev8YC/tgah/6/Pl7xbK2f1th5yKRkZHJ9uL66hjS8OUvSC8uS/diL/RN5x4pO0gnLsl4RKCiSgkAIAQJQBIACQqkqFNBD9U8rU+OCTlIkk15IOo3epNfqjPSTVsxZtl1nm85WvTmdkQ5jdOgnrTC5T48OBcuIxHiefp7lzZSWfo7xHOMR/YguT8YtB0YszhMjjJZp3kf78/iCNaZl2Zry0z9wq7/+xz/Vu4fkB2WbpgXSACDVAtUSDok2eL+RbJJsEo6XAJBhYBxqSIhqL3Cu+vqfU6rPUr1/p+pLFfXrxLPUfxZT9+oEtT65ISOQEEHuJ30hCqmQe9pMZHKiKfQYoevpEpHfTXoBy18wA5rnuS/6tW1vvGCPb7r001rLssfK1eaple0nGfgqsvrXDoibhzbyV2OHuVb9Mw0cEqAaD/0AlcEvHq/GU00luWm5phoUpKHPE9FSEjEiT+RLiciYjFOmz6T0AX1+Fv3H6M2itSybCT/5Lbu84g1/YKvjZD8jaWVAMtys4p76eqoF6s+h/jxXf2n1rxtaDFzLkRGVeHVUSmiq6FpgIPJNmrb69dDXP5T1hrXqB7gUdKSgDXT0GUhIQQ6aQilhLv7DUnqhhfGnzZAUC19vprzorfNO8lTZL8keKlsYPl1/OIoMnRA7LOXgtDp8LwAO9y35A/cC9cFFZar11XWPbqovU/0YPZaZ3J+Mq8/HKFhGX///qnvjhrIwef5bYJKE6OfoJ4nHuPmCfuFvHPAK3GnGpDju8Y4If/nui7V+UfLtki1TEq5MwPoahjdqrZZhAROiaqpxLWUcRryYEqNDUcs4fD1GX40nvVJ93mM89Vk/STTKiH7LRL55xv9Pv2zcXGLc/J5rPvo69MyeFI4gr3NPje/S+DHZQySN5lDPcQNjh5u6hyQcmlprKukMSjcsYR0J+1UK2A3IOK7v121KuB4F40rAwPKIfoGyQDeiW6Af7TKe/1vj5m34kCNIivMf4ojyG59acLIHCN8t+wHZSZoBqepkhGEpwYCIUY9XEQUZFhAKYiXT8ICM40rIMeopNyZ9merHA5Gy/mcsI6Y/z5RN9JvoR2F54dW60d8po/e69NL9iCMroKPI22y3yc/qfbXs3rKTZK00FAWrxnCvygZV1xCwwnEMjAtU4qkiYKnFq6fdKmr1dUQbeCbsUI/rX9erx7fq5m5W5t9mPP+v+ISjSIqHH++o8uFbk/9yJp6o8RjJIzROk2yXhhOSgRpfLd4AqxDycBGxwGGm4BiKgJU0dTG5FqnDUvVrp5KPQXE7S4qr9a6w5D/wHjf7LJYdZVLc3/rheTY51X1wgeSrJs+JD5bskKRVZb9phVmwVdwrqBMTA5GvAOpMuKvGQ+L0hrPeOtKN1fKGzgG9qy15r3ApPmXRNbjWOiLFU60/fk2rsdOc4ySn4GxcqHFv2b1wFrbIsAIJoxJwSMSEAitIRADq+329kLiOgPUUXD+jUQs5uQ7Tny+bFrbTu87Y1RZ9QXKpzuUW3WLO9Tp3YNk6JMV3Ora4QPY9ttjteK1tGmfKTsAWybx+0mfzipF20tNKWiEjS7IyuSbJCAmUybhM3WO4LggqAXskoUcPQqATOhShCJ0i9DpFr1jS6U2asbFFnWWdJWOLegd1Dhq7TXGj3k16d9hlN3orZ0PADTbI/v/KBhsCbrDBhoAbbAi4wQYbAm6wIeAGG2wIuMGGgBtssCHgBhsCbrDB/wlKajuIhIz6AQAAAABJRU5ErkJggg==",Calmao,662
"data:image/png;base64,iVBORw0KGgoAAAANSUhEUgAAAJAAAABKCAYAAABU493xAAAS4ElEQVR4Ae3bV39Vd9739/f3vwXGNjOW7yu9eXOl12HSj2Jxn6THdp6ARXo3Tu+I9A6kHiKeQAand+Qc5SiD07s36XUsrmJjo72+WSl6BbCQZV9ze4bM/qzXe/f9Xwv0U9eOl7i//G/5Rz6QvEt3oM3hutNV3LPpe2nrL/6b/2EvY1uLcVN7jTou6fZItn1vbRpjxMvm3Jh2tNdAp9uxvjTL7NLrjz+/N7Px/diaT7xsfXHhtXcBBzKu1XFW8302fX+N+T/cy4b8CKof12b7RW6jXr7tl6dNW16SXnv8xfbjC69sQw2QeiOZlp5tBXDh8Zf/93Pm80PM+K0Lr+zEYpn0EPdO3NcXX2z/9vGnSdR6dfHxlw9w6AXN+1nC0/v67XPnLlvMkPRwXvfgpDWOj+l4XzjwkpS/5G/9B70MxWJ3cMc3tLa+ggMYxl7kOg5ifbW27tAdxxFPFevlCY85TpNbr33x2zdweMLXZZ9iOXF1YX1w4jpxWL2BW9Dk8phy84T9rZp+iHt+yRsjw8sgUw+xwgxoHWL1nBOrxX268/Rznh+eqVs/pTugeYD9xj2sIO21eVB+im0vKPLW8b6O1yAHoLbT3Jw67YxOy6xzn+6Qg2cexzJyZ3Razvwy2xqdvBQN9zCjtu7THentsuephuGEdkCn2699+XgPh55tex6M+0m36Sqmq+IAUsftTl3cTCznx/4EV5xQ0mvaw5iuiAMct6zFfSwXFtfLMpkOY3qPZx83dfHTsN3mGma/vI02XjbfpeqNJtc+v/Dq4czT/t+vd5YQ0xUc+Hr7I+sPATtr69n/tzmutqeR99ZjcTDzlFWn3gbstLZfsK/VSG+DMd6f+WU2jOGl863rKuwFJxnNB4D9WqxmXuD404xF8+7MsWcGbfJg5mvGdA8gce9F+xrro3ugtl/94vPtmV9WYz7xsvn2ZUW8UHoZOvWjmdPQT6BjvD1z7LiJj2dOsrZYAayt785O3KbFOAR48vrFN2Z+WY35xMvm51mslwDTmA5nTtOpK0htzxz7VW04bpOsp8OZ0zzTps0A1WLluMW5yzOnycgSsLLJsAk5gNG+M3MavAM6fTJz7Fe1YZM4uguSd9eZdmZOkozrWELSWzPHflUbNqnFvnoAC4s7sdidOTb/Hmx72Lpe3QOdbrdZzRz7VW3LJpCs3zv+SfHgTpubSR+I7c9feX0Z3YbGPRnXPFfqV7JhE6jFKtZXqndbh0m3saMuJ91uHTb9kL5HPe9XtfzVf8c/ZtPX+6rT5cW03oZTflG76a+Y/5xjY+M72gzQxmaANjYDtLEZoI3NAG1sbAZoYzNAG5sB2tgM0MbGZoA2NgO0sRmgjc0AbWxsBmhjM0AbmwHa2AzQxsZmgDY2A7SxGaCNzQBt/OrKfOIs/XP//e0dIz9ylG0GR/nEV4sDHPq2HW7vmBY/ItvWHs0e4MBL16b0T/+Tndof899eN+XabFtTHTHFjA6m7HviBla+qd/e/sBkz5Q3TlhnpYs93PU76X/+vbetx03rMA1miqkf4Z7fYY//jz9geW6M6zDBtFCcd34PD/2Klfo7nNjuP7O0tfUTUy5rmMbTb+yZ6sjs+PKHuO2k/o9p27kf/ISx8+zQHJ+bDRo6Dny5voqV79Lh77d0ND59Zu0OmpUnj3+MQ75768PlnSa7hKYVk5EaV3Dge+yz8eu3Mo03iInZdPf7Pobx31t6nr9iHp7z4z69TGnRUhStJCiF4Ja6rjzjt88vXXj9p4YdbZnFc+shCNhxbuvfwdJ3rgRKgsLSeO3azHe1PvyD3pXuUo6LJHD0vRtT35HuVncTuzGWM9+n8fwNf9Bf8Tct1X26pBVEERREKBFP11w3jdlg5mfTtjHu4y1KBI/oDaa/0MgVna5hRWlR0kvOnb/Phe2ZbweB9mtDFB+YPt+e+S6SxU3HtaUgbf2iaoVq/SLa8nzpfc0SJFEkEQe4y7SSc9syvaPdFSQoQbNnAjdcfOWOqUsJBQ+cy3tYAUdwwPq237qwp65rS6LT0qI3cdW3rpVES0KLYHrDeO0D3PAtWz/6td2YlppKAj0+j6hfTEGJ1C+g4an+wL/qw+vS5QxQUkw3jPUV5472nT86cP6Ley58eZUnl8jK0wXJdR0/Ie8CJV15Mq54bDXzNVuP99SeiLYC2bXuzsyZAQGUogURumealjPfxphcJzIXiERpS/1iqiCoZqGd+T6N4wt/4F/xVy+N7oEgoHTPmGaTr7n41UpyxbACEZ2KiHdpBemnxrTjtS8PZ17odz26gQMBpIzFnZkzg0ArBXgkOJbFnZkzO/xd1+mSclxbVSp+caVpTUlYS2a+T1trAV5ZXLcuCVNJiU/EDaf1w0crv/HGFfFT7baMUISIYurfg4fOVK9K/hstUvqWqbvYd+aKBKXoXckHGiDdMY0dHPimDi8uxS6VplMatZ+M3YJQdYYeu7g9jN3wduVyMpZtMDrxMXnAdBsrJ3Tk4nUGsyMydLuaSKfK0HcqS7Y6mcIwjK4tPsE9L+hL53a2xtb705QdxrLS8kgWD9rexT6sjSVb7w/DkSkM+Y/92/6Ya3/u0rT4VMMUs+oILmHlLP1v2++Sf15HTKFhGjMf4V3fpv/9125p/rpZTIMpB7jiLH325lL7qWl46t9zRXPdNN42hY7oGdd89IM77dglKhirqdNV2br/1G3Wdeq38cNr7xxl3Kos27QZIYgea8igYw83PNfaK1MjFbropGFoQgfSSkgnCaPNXLOPq57ricWSc3cqOwwVjDbCOD6eTu3DSa5uWXQtB00wqjGGATtSTxXD/mw1cya/7+E96W1KQAXJOzpdnjmzhX2EEMQO4+2Zb4a2lLYCWPcGjYRAdnS8PfNCn/1gqXYDCEbtbUkDCKjTmrx2/WjkXllWiWipzgElAaR7E3dmnlZNi0JFCpFSIkJJQhAwfc0T5y8nW/9+2QGKEpQq0GZuOeR+5d1QRRuaQan3UUqQ1uTuzLeSvCvQ54w7M2e2/X88EAeUY+mVmW8EcSyO23JAZg1QTPszL7RwHdUWcNBMd0FbKtRpjQvXY7pumkQFCg6jn0QO2j5AtaKqBu/jpqcLAVpNZwntlNA5ZglQDfV8T5xbRn+i3gwgSYEpdNV2JYVqBTVdExKoYvxR1373tmGHEijJymI6mDmzn20ff6FZTxckl3Vcmzkz0z0pQNXbyjcCQgu0jlvkqkBJSZam7M18zW+9uiN9XxCh0u7OgEiq1cTJPba17NQ9SVDtLJ+FD4e+GdOPh6MrW45+XP11yaplNG2ayAeTaWdmMjnq0aUji0tr49cnuRRWVUnA4NqXvrr0ZR9f+qq99MR06UnX8/n6w5lji+QOlqJUgvbhMK6N9s2F6dI560u/1SdvVv8isiqEdkpbEGxZnN8xtZJoEfRj36b/4/UlvU4gtJJQqpKIv9vnX+zj0Fma3vxYABHtjmb7TM8Pijz/9j1a6dYeZlAyPpDFra+tO3LH1KASmezTh3CkCSB0arH2fBecv45WM2eSR5or+MRznfNk9aTTj3ntfjNdThdtmoWt6ziABSseO+5JX5GmTVPB9OiCxQp44qSOvLoz1Q6lCGpFrjCtPNU2h3y1j3tPvHoT7zdzBaqGuoygqJT4SDi78/elEQTxEV2hkgDedOG1mzNn8muHD3AoRVGSH82cCrQiCK2tI44dPb6NQwHotmn6YMaxx2MXS0EEHptuzMxsSQORSkR8rQtLsUtBiU43ePLJzEnOWR+y/jBNmylabS+ntmeeB4hC4wzV4oNEk5AmVb66wuPVzAscnvPFh20fhkoVMMSPBBoRcPTkwcyZ/OwH1+lSoCjT9KHkmghFCWKXaWfmbKwcl9BemjkVRE78OgguOpTe1pYSxDVffbWcMSPXKQpM3bvAambmSFMFWoNuSWeOYYcSiRaHiVszpzmfzw+aPkyRSGyv2Zl5HqAJsD4D8XbbqGpF7w6L1czpnhyW29ooUdSQvgUo4NC5xWrmGx1uL8ke9VQ3bFlZHH1EDwSBEnRxc+ZM0geCwGT21szpHgNaL+ro8S3xUAK0bzj3yvUZ47XrWAoSWOGuF5RQQkMdG8k7aRtaSUwfz5yF9mOBqgo/Cp4HTGkrqYXRmRfh3GXtmwENTPrRzFksjJ9WJQhJuoVLgggYXTlr58ZNUzFoSVaO7Dsu45p6ACgluayu4ZYzVRKEkaUz1RIU6vkuOvSFD+lPJETorvXigO5KqGpDb1hYeaqt9bmWThpVSY48W3S7EdBi/Bni06khw9SoIBgkKgjJNihJlKUTStC0RGGKU1p47Y0ppRVpNaxXztgWJtEitM2gbwClLTkkvtFnP3yfvgMUmKYbzq1XM2a2vvhEp1u0IpIZ5Lov18uZU8VD0FacvUAJRuKkXv3invaAAlSmfemSkkasLOzPPANtAUVt8Yy2SwUE6ZutZZIlliMzZnkr6ZIuw5JZuz1DtRNeoFVN4kw90UsKVBMpX61mzuLIOlKUFjUkkRJEmHyjRz9YSvcQgRIrW/ZnnjGObohHFAVi2ytbd2ZONU0VRChnLyJAkRJf094QKBrHBW112pv5Gt98TCMOg7SNgmi1TZUSpPFUqcYsAUlElvH1DRK0nOlTGAIpRfOKH74xcxYcgYRIgy2KAOpMjfV16/GWlCqhveqkLhwd+u0LH9I7QBGandkHuO1FDbRQSdQZa0EaTWmc1MXHB3779QOxoyqiUDI+tnDXCR09aRbSEpFo6/m6klxuG02Z/t1J7tBM1nSBCcN6xnHFoEdiYV0WfOaEqiJIVdamOKXhqwft+UoRpV/28Zt46EydpwXVVGxJV9olSGiWTuu3Ln6gdilCRLpv0QMv6oe/se/RD96X7khoCZo9T8ZHWDmpkcvWiGhLH/mmLuBJogBFvLCur7L4VBLtU4M63/6Ctqw7WSSiZsRzpVa0MlKSjj9kwV1qAY4cd85364nfj5Y0Gqy/4fHnVltoG1KaYbGDB75NiVSRoVao42JpOvrRzNc8emVJbwmiAlbavZlTbeUqPaTEsW1bvTNzovayACIyfTpzKtAKIOK0Lj5ekfckN8Tfw7QnvWphNXOip0qnOqG16SNJHJdeIm8TPzeJSLWCWLwx8yKvenJIPwmlSBvvzJxFbL2foCUiDMmBNIJAa2ztzTzjN19fOjfu03qm3rDow5lT/eBwhT2gBYq+TW9Sz/j81V2x1KkUGNPHM6eCCEgBR6e7eHjPxZ/t+eFs+2c3vPm/78+8yJFFQqlGhtZzbTk6oIcUBTXtP/ab2zPf5ImL7z/22nLmRdIeThpAw+XgNPQjRIQmtdO6NnOao77xfnVXC7SCYfgYBApR75rGHdPibV/Nvjx33Sv5qViKUCJM+8b/zZn82me3pQciWoKIKR+Y9+do7Hh8fsdXF64b65uUkQjSleSBs/8kmrZSv0dqzaq0Tq69pQRthbfOu3ifC8uZk21vj/H73Zxin8WdmReZ9JOESGmi70zWy5kXOXJ0S3ymQFXkJq55QZPXP6j1fpVEArST/Gf+dX/k3/Tn3tfsPP03NE+9XCemQWdr1REN01gZix089G36H95YGuO+KcunXtJTTUwDs3Voakpm1RFxFfu+qcMfLh2NTzUcH/O6vxsHfk4d/ffLnUXcJ3qsufL8Pn6L7Vdz4SetHUaJChmm9u5k8VE4hNh6q8PlaRq7jDdKZGhzCx86oSde2WXcIWRoRyceDjmYjIO1ZLA9cYh9gDr/QS1ulhDNoFFjRQ7WfLyQThaXsduM7TaeOv4SU5NBWBwdf31SQCkRxykBtCsdV6z7cOZb+f0OV3hPHFIgggo6EWgEQbqi+9Q3Q0BBElv8PG05QmnrlC5y2LqKlUg1VDWR90f8JMl9Gfeb7reuhTekgVTpu2xtzzzvnPU9spJoCxLLKXbDnaF3KjdjvD1zbDi6Te8GSRop0CXdXSR3yr70g+q2KkUPQJvOokbUf/EP/esrI9ekoahnSgGNMa0s1u8593g18538gf/jA+kVunJchEIpgcJDeoU6G2hFaAVH6czPDdI5AqFe0JbHK1xJe09ATvw5UlN1HGEy/ZN8/mMeHc6c4PCcxbtMh8AUraBpIOqkFr66Wr2taCMkgCqozKHBjS1jL6FASQdB/Bf/yL9813pxCQdGIhwDKXHP6BULD2Z+R/6QeYhy7ophX1qKPj9IB+oKVr5NSSgRsNXM/NxIG0laigZOG6KFL96bOl2VPBgUIihVaaD6SHur7RV6jVcOZ17ss0/WXfw4HAiRaqmCU4f7q2tr/YuqK60ZqAZC5w5qfYWjPUCDEJr85/51z/dHXHtnaeo7LN40jZry0PnFPRz6PdF/tlx64rLOpgErj88fYOX/hz3+9/6s5RNHl2PrsoEprTwcFg+eeLLC4Xda1++7HHp5srjM6OzhkWl1ZOvBN6/5+mXMspwwjBXjAWYv7v8Et4Nz+w5xmR4AAAAASUVORK5CYII=",Calmao,296
https://scontent.cdninstagram.com/v/t51.2885-19/466413824_1594619904476969_4854425250058059689_n.jpg?stp=dst-jpg_s150x150&_nc_ht=scontent.cdninstagram.com&_nc_cat=105&_nc_ohc=I_jCPu2ISnwQ7kNvgGal-lc&_nc_gid=30552b08ed1148ff939deaba14d0d641&edm=APs17CUBAAAA&ccb=7-5&oh=00_AYCapxm_qnhyDt7VDwX_H5281NqIT8IfzK-ZAFTVapga6A&oe=673A786E&_nc_sid=10d13b,Calmao,606
https://instagram.fbog10-1.fna.fbcdn.net/v/t51.2885-15/275796649_518517772970301_8163901819799888292_n.jpg?stp=dst-jpg_e15&efg=eyJ2ZW5jb2RlX3RhZyI6ImltYWdlX3VybGdlbi41NDB4ODQwLnNkci5mMzYzMjkuZGVmYXVsdF9jb3Zlcl9mcmFtZSJ9&_nc_ht=instagram.fbog10-1.fna.fbcdn.net&_nc_cat=109&_nc_ohc=7OfQ8YntlsQQ7kNvgHGN_qj&_nc_gid=4284d6c38f5d4e8a9c117755a0531ae2&edm=AFlAz-oBAAAA&ccb=7-5&ig_cache_key=Mjc5NTE1NTQzNjYzMzYwMjk0NA%3D%3D.3-ccb7-5&oh=00_AYBcJVVIOn-lGzdPY5WEsV1WnvbfdUXbUgAO8NwH7mdjJg&oe=673A8D09&_nc_sid=76c0fc,Calmao,988
https://instagram.fbog10-1.fna.fbcdn.net/v/t51.29350-15/458155952_406978172024692_3117152011952322063_n.heic?stp=dst-jpg_e35&efg=eyJ2ZW5jb2RlX3RhZyI6ImltYWdlX3VybGdlbi4xNDQweDE4MDAuc2RyLmYyOTM1MC5kZWZhdWx0X2ltYWdlIn0&_nc_ht=instagram.fbog10-1.fna.fbcdn.net&_nc_cat=104&_nc_ohc=jESdmF6CD34Q7kNvgHNrQn3&_nc_gid=4284d6c38f5d4e8a9c117755a0531ae2&edm=AFlAz-oBAAAA&ccb=7-5&ig_cache_key=MzQ0NzE5MDE2NDMyMzU5MjM5MQ%3D%3D.3-ccb7-5&oh=00_AYDFd37XymJW4swO131q-ASDAmelSuUcv2ElEW2AR-rBOw&oe=673A7B5E&_nc_sid=76c0fc,Calmao,835
https://instagram.fbog11-1.fna.fbcdn.net/v/t51.29350-15/455280327_514812211229225_5926011018026484336_n.webp?stp=dst-jpg_e35&efg=eyJ2ZW5jb2RlX3RhZyI6ImltYWdlX3VybGdlbi4xMDI0eDEwMjQuc2RyLmYyOTM1MC5kZWZhdWx0X2ltYWdlIn0&_nc_ht=instagram.fbog11-1.fna.fbcdn.net&_nc_cat=105&_nc_ohc=PAc6nyMu8WIQ7kNvgELDBkc&_nc_gid=4284d6c38f5d4e8a9c117755a0531ae2&edm=AFlAz-oBAAAA&ccb=7-5&ig_cache_key=MzQzNTIwNjgyODI2NTk1MjEzNA%3D%3D.3-ccb7-5&oh=00_AYDur5Bixws4115ZsREIUfOQNgV04ee8DwWgvGQo8i717A&oe=673A782D&_nc_sid=76c0fc,Calmao,324
https://instagram.fbog10-1.fna.fbcdn.net/v/t51.29350-15/463421585_1749946705836613_4864683003463440708_n.webp?stp=dst-jpg_e35&efg=eyJ2ZW5jb2RlX3RhZyI6ImltYWdlX3VybGdlbi4xNDQweDE4MDAuc2RyLmYyOTM1MC5kZWZhdWx0X2ltYWdlIn0&_nc_ht=instagram.fbog10-1.fna.fbcdn.net&_nc_cat=101&_nc_ohc=w-zpB6Sk9lEQ7kNvgFjpgWV&_nc_gid=4284d6c38f5d4e8a9c117755a0531ae2&edm=AFlAz-oBAAAA&ccb=7-5&ig_cache_key=MzQ3OTQ5Njc1NzAxODQ0NDc5NA%3D%3D.3-ccb7-5&oh=00_AYCA7q-UbG93NMck1bdFd42hyC1roOZTYiIp2v5bpCS4Ug&oe=673AA1F0&_nc_sid=76c0fc,Calmao,535
https://instagram.fbog10-1.fna.fbcdn.net/v/t51.29350-15/464900727_3883715018582456_8193760969111533703_n.webp?stp=dst-jpg_e35&efg=eyJ2ZW5jb2RlX3RhZyI6ImltYWdlX3VybGdlbi4xNDQweDE4MDAuc2RyLmYyOTM1MC5kZWZhdWx0X2ltYWdlIn0&_nc_ht=instagram.fbog10-1.fna.fbcdn.net&_nc_cat=108&_nc_ohc=i4UtI6AxMgYQ7kNvgH38_VI&_nc_gid=4284d6c38f5d4e8a9c117755a0531ae2&edm=AFlAz-oBAAAA&ccb=7-5&ig_cache_key=MzQ4ODE5NTc0MzQxNTA1MTM1OQ%3D%3D.3-ccb7-5&oh=00_AYAdCmBHSC-r-3ncTFai19gN5jAFBKP6Cgb5Lj7X4qDzhA&oe=673AA29C&_nc_sid=76c0fc,Calmao,995
https://instagram.fbog11-1.fna.fbcdn.net/v/t51.29350-15/464215209_842766411068478_5664227072870171121_n.webp?stp=dst-jpg_e35&efg=eyJ2ZW5jb2RlX3RhZyI6ImltYWdlX3VybGdlbi4xNDQweDE3ODMuc2RyLmYyOTM1MC5kZWZhdWx0X2ltYWdlIn0&_nc_ht=instagram.fbog11-1.fna.fbcdn.net&_nc_cat=106&_nc_ohc=GMLvexLu8nYQ7kNvgFfHjsb&_nc_gid=4284d6c38f5d4e8a9c117755a0531ae2&edm=AFlAz-oBAAAA&ccb=7-5&ig_cache_key=MzQ4NDQ1NjczMTk3MDM2MzEyOA%3D%3D.3-ccb7-5&oh=00_AYCJbzFod8qVuENisHtP9qcfYCr6wf0p6XNBmhCLiTuh6Q&oe=673A7BB4&_nc_sid=76c0fc,Calmao,475
https://instagram.fbog10-1.fna.fbcdn.net/v/t51.29350-15/464803350_1514728552512093_4514200401089072459_n.jpg?stp=dst-jpg_e35&efg=eyJ2ZW5jb2RlX3RhZyI6ImltYWdlX3VybGdlbi4xNDQweDE3OTkuc2RyLmYyOTM1MC5kZWZhdWx0X2ltYWdlIn0&_nc_ht=instagram.fbog10-1.fna.fbcdn.net&_nc_cat=109&_nc_ohc=d8_j77BApskQ7kNvgHhGriO&_nc_gid=4284d6c38f5d4e8a9c117755a0531ae2&edm=AFlAz-oBAAAA&ccb=7-5&ig_cache_key=MzQ4ODk0Njg5NDYzMDA3NzAyNw%3D%3D.3-ccb7-5&oh=00_AYA611l-68NV8hlFl-ZgWMdcWM9xdRiUVjRwcez-hDwp0g&oe=673A745A&_nc_sid=76c0fc,Calmao,826
https://instagram.fbog10-1.fna.fbcdn.net/v/t51.29350-15/457132569_1830036937489528_3730285750542544630_n.jpg?stp=dst-jpg_e35&efg=eyJ2ZW5jb2RlX3RhZyI6ImltYWdlX3VybGdlbi4xNDQweDE4MDAuc2RyLmYyOTM1MC5kZWZhdWx0X2ltYWdlIn0&_nc_ht=instagram.fbog10-1.fna.fbcdn.net&_nc_cat=104&_nc_ohc=bBxS3CnFGzQQ7kNvgG6eTSD&_nc_gid=4284d6c38f5d4e8a9c117755a0531ae2&edm=AFlAz-oBAAAA&ccb=7-5&ig_cache_key=MzQ0NDEwOTE0NjI2MzcwODI4OQ%3D%3D.3-ccb7-5&oh=00_AYCCLe4yrDf7UqYo548RbeImz3DBnjxrIcfa2Vr2vvAXZw&oe=673A76D4&_nc_sid=76c0fc,Calmao,556
https://instagram.fbog11-1.fna.fbcdn.net/v/t51.29350-15/456482408_1163930091355282_3461259762181880726_n.webp?stp=dst-jpg_e35&efg=eyJ2ZW5jb2RlX3RhZyI6ImltYWdlX3VybGdlbi4xMDgweDY5NC5zZHIuZjI5MzUwLmRlZmF1bHRfaW1hZ2UifQ&_nc_ht=instagram.fbog11-1.fna.fbcdn.net&_nc_cat=110&_nc_ohc=8kQCD5nCNuMQ7kNvgGqeONJ&_nc_gid=4284d6c38f5d4e8a9c117755a0531ae2&edm=AFlAz-oBAAAA&ccb=7-5&ig_cache_key=MzQ0MTA3MTMzMjkyNDI2MjI0Ng%3D%3D.3-ccb7-5&oh=00_AYA2oRvx01zODtQi998s8Qjtkwl6vPpPuxbXwoNDRDO0BA&oe=673A9CED&_nc_sid=76c0fc,Calmao,363
https://instagram.fbog10-1.fna.fbcdn.net/v/t51.29350-15/456312804_1013340403917199_3240186532004253794_n.webp?stp=dst-jpg_e35&efg=eyJ2ZW5jb2RlX3RhZyI6ImltYWdlX3VybGdlbi42MDJ4NzUyLnNkci5mMjkzNTAuZGVmYXVsdF9pbWFnZSJ9&_nc_ht=instagram.fbog10-1.fna.fbcdn.net&_nc_cat=107&_nc_ohc=vU1FwuXq_9oQ7kNvgFS28jn&_nc_gid=4284d6c38f5d4e8a9c117755a0531ae2&edm=AFlAz-oBAAAA&ccb=7-5&ig_cache_key=MzQzOTIyNTUwNTAyODkwNDg5OQ%3D%3D.3-ccb7-5&oh=00_AYB7QHRjEykyjee7xFKgCRF1O_HoU7UEg1CsMBv0cx4CVQ&oe=673A825A&_nc_sid=76c0fc,Calmao,912
https://instagram.fbog11-1.fna.fbcdn.net/v/t51.29350-15/463604805_429517066484654_1162812040925589321_n.jpg?stp=dst-jpg_e35&efg=eyJ2ZW5jb2RlX3RhZyI6ImltYWdlX3VybGdlbi41NzZ4NjYzLnNkci5mMjkzNTAuZGVmYXVsdF9pbWFnZSJ9&_nc_ht=instagram.fbog11-1.fna.fbcdn.net&_nc_cat=102&_nc_ohc=-hOcITMlUwAQ7kNvgGrxa7u&_nc_gid=4284d6c38f5d4e8a9c117755a0531ae2&edm=AFlAz-oBAAAA&ccb=7-5&ig_cache_key=MzQ4MDk0NzgyNjQxNDk3NzMzOQ%3D%3D.3-ccb7-5&oh=00_AYB163s-GI8GDPkPvlAhlHN2TIkeY9BMzmBJQ0ca-6ExYQ&oe=673A8048&_nc_sid=76c0fc,Calmao,815
https://instagram.fbog11-1.fna.fbcdn.net/v/t51.29350-15/457138186_332763863158995_8262345696505326187_n.heic?stp=dst-jpg_e35&efg=eyJ2ZW5jb2RlX3RhZyI6ImltYWdlX3VybGdlbi4xMDgweDEwODAuc2RyLmYyOTM1MC5kZWZhdWx0X2ltYWdlIn0&_nc_ht=instagram.fbog11-1.fna.fbcdn.net&_nc_cat=103&_nc_ohc=_JNHAgBSafAQ7kNvgG-HCsu&_nc_gid=4284d6c38f5d4e8a9c117755a0531ae2&edm=AFlAz-oBAAAA&ccb=7-5&ig_cache_key=MzQ0MzYzNzU2MzAxNTQ0Nzg4Mw%3D%3D.3-ccb7-5&oh=00_AYBA0pm49yV6rcq4v1C2jUI-kXCKRVasKAfQ8t_ihb1pLw&oe=673A9208&_nc_sid=76c0fc,Calmao,282
https://instagram.fbog11-1.fna.fbcdn.net/v/t51.29350-15/465473803_964346105030046_311798766374728983_n.jpg?stp=dst-jpg_e15&efg=eyJ2ZW5jb2RlX3RhZyI6ImltYWdlX3VybGdlbi43MjB4Njg4LnNkci5mMjkzNTAuZGVmYXVsdF9pbWFnZSJ9&_nc_ht=instagram.fbog11-1.fna.fbcdn.net&_nc_cat=1&_nc_ohc=4R_5E5XTfOkQ7kNvgFJX5Ok&_nc_gid=4284d6c38f5d4e8a9c117755a0531ae2&edm=AFlAz-oBAAAA&ccb=7-5&ig_cache_key=MzQ5MjYwNDYyMzgzNzk0OTYxNQ%3D%3D.3-ccb7-5&oh=00_AYD8VN5H8I1Qkb9vl4tVpE6lJ2bkbdpb7WE7TKh-fpFbwA&oe=673A81B9&_nc_sid=76c0fc,Calmao,866
https://instagram.fbog11-1.fna.fbcdn.net/v/t51.29350-15/466342083_762921615989358_7508894920322222914_n.webp?stp=dst-jpg_e35&efg=eyJ2ZW5jb2RlX3RhZyI6ImltYWdlX3VybGdlbi4xMDgweDEzMzIuc2RyLmYyOTM1MC5kZWZhdWx0X2ltYWdlIn0&_nc_ht=instagram.fbog11-1.fna.fbcdn.net&_nc_cat=1&_nc_ohc=5_kZcPL8FDUQ7kNvgEeeRak&_nc_gid=4284d6c38f5d4e8a9c117755a0531ae2&edm=AFlAz-oBAAAA&ccb=7-5&ig_cache_key=MzQ5ODIzNjAzNDgxNjc5ODk1MQ%3D%3D.3-ccb7-5&oh=00_AYDitseqztmX7yZagsGzdqQUOL37_agvtAAa9pMXexLHbQ&oe=673A86AD&_nc_sid=76c0fc,Calmao,390
https://instagram.fbog11-1.fna.fbcdn.net/v/t51.29350-15/455820406_1000506041850118_2186327883555857895_n.jpg?stp=dst-jpg_e35&efg=eyJ2ZW5jb2RlX3RhZyI6ImltYWdlX3VybGdlbi4xMzU0eDE1MTYuc2RyLmYyOTM1MC5kZWZhdWx0X2ltYWdlIn0&_nc_ht=instagram.fbog11-1.fna.fbcdn.net&_nc_cat=110&_nc_ohc=ZGiqh4QfHykQ7kNvgH_TC3r&_nc_gid=4284d6c38f5d4e8a9c117755a0531ae2&edm=AFlAz-oBAAAA&ccb=7-5&ig_cache_key=MzQzNjExNjU2NTczOTQxMDc5OA%3D%3D.3-ccb7-5&oh=00_AYCR-YaclPOT4at92uImIsGMWrT4zWoLO3zp0esY96INDA&oe=673A71FC&_nc_sid=76c0fc,Calmao,707
https://instagram.fbog11-1.fna.fbcdn.net/v/t51.29350-15/466091012_927136845963073_7646448459838905620_n.jpg?stp=dst-jpg_e35&efg=eyJ2ZW5jb2RlX3RhZyI6ImltYWdlX3VybGdlbi4xNDQweDE2ODMuc2RyLmYyOTM1MC5kZWZhdWx0X2ltYWdlIn0&_nc_ht=instagram.fbog11-1.fna.fbcdn.net&_nc_cat=1&_nc_ohc=0HF4ZSNPuVUQ7kNvgE4f-mX&_nc_gid=4284d6c38f5d4e8a9c117755a0531ae2&edm=AFlAz-oBAAAA&ccb=7-5&ig_cache_key=MzQ5NzQxMDk5MzAxMzY3MjQ3NA%3D%3D.3-ccb7-5&oh=00_AYBSwpOwTfl71Ck-OIoG8l5AnwHbyyBQP0wJkjFtQu4dgA&oe=673A7E5F&_nc_sid=76c0fc,Calmao,459
https://instagram.fbog10-1.fna.fbcdn.net/v/t51.29350-15/458234927_1022773939583876_5745008709963916414_n.jpg?stp=dst-jpg_e35&efg=eyJ2ZW5jb2RlX3RhZyI6ImltYWdlX3VybGdlbi4xMDgweDEwODAuc2RyLmYyOTM1MC5kZWZhdWx0X2ltYWdlIn0&_nc_ht=instagram.fbog10-1.fna.fbcdn.net&_nc_cat=108&_nc_ohc=4LKmDON16kwQ7kNvgFN_UKQ&_nc_gid=4284d6c38f5d4e8a9c117755a0531ae2&edm=AFlAz-oBAAAA&ccb=7-5&ig_cache_key=MzQ0ODc1MDA2MTAyNzA3MzgxMQ%3D%3D.3-ccb7-5&oh=00_AYCl9e6T9VnWsmc-lHF37aThI0lXWulq9G0n75x1l1JzHQ&oe=673A821A&_nc_sid=76c0fc,Calmao,691
https://instagram.fbog10-1.fna.fbcdn.net/v/t51.29350-15/465899360_914013733623984_7762808356374191876_n.webp?stp=dst-jpg_e35&efg=eyJ2ZW5jb2RlX3RhZyI6ImltYWdlX3VybGdlbi4xMDgweDEzNTAuc2RyLmYyOTM1MC5kZWZhdWx0X2ltYWdlIn0&_nc_ht=instagram.fbog10-1.fna.fbcdn.net&_nc_cat=100&_nc_ohc=uOWjDAWhZlEQ7kNvgGP6sB_&_nc_gid=4284d6c38f5d4e8a9c117755a0531ae2&edm=AFlAz-oBAAAA&ccb=7-5&ig_cache_key=MzQ5NDM4OTA4MDQ4NDQzMzkyMQ%3D%3D.3-ccb7-5&oh=00_AYD8deRxigoGrnFx1SoB6Gj0_nNIbkJPU3TU3BhDUCcd4w&oe=673A85B1&_nc_sid=76c0fc,Calmao,547
https://instagram.fbog11-1.fna.fbcdn.net/v/t51.29350-15/463457642_1071916114288822_7309574528716789361_n.jpg?stp=dst-jpg_e35&efg=eyJ2ZW5jb2RlX3RhZyI6ImltYWdlX3VybGdlbi4xNDQweDE4MDAuc2RyLmYyOTM1MC5kZWZhdWx0X2ltYWdlIn0&_nc_ht=instagram.fbog11-1.fna.fbcdn.net&_nc_cat=110&_nc_ohc=aLbcW1xYJ-IQ7kNvgE6qcg3&_nc_gid=1ccb199bf4ec499488ca88bc312cfde2&edm=AFlAz-oBAAAA&ccb=7-5&ig_cache_key=MzQ4MDkzMzU5Mzg5Mjg3NjUzOQ%3D%3D.3-ccb7-5&oh=00_AYAbrEC0d6o4QD2076-SYisMEQapR77O-GpwQvHQLgGRLw&oe=673A9F59&_nc_sid=76c0fc,Calmao,216
https://instagram.fbog11-1.fna.fbcdn.net/v/t51.29350-15/465888730_1111070457276305_2161301822982906547_n.jpg?stp=dst-jpg_e15&efg=eyJ2ZW5jb2RlX3RhZyI6ImltYWdlX3VybGdlbi43MjB4OTAwLnNkci5mMjkzNTAuZGVmYXVsdF9pbWFnZSJ9&_nc_ht=instagram.fbog11-1.fna.fbcdn.net&_nc_cat=1&_nc_ohc=on7_hwyACRUQ7kNvgH9ETus&_nc_gid=1ccb199bf4ec499488ca88bc312cfde2&edm=AFlAz-oBAAAA&ccb=7-5&ig_cache_key=MzQ5Njc2Njc4Njc2ODQ3NjM3Mw%3D%3D.3-ccb7-5&oh=00_AYAzDjY8csG_70adEN2pbi_GU8JIvsqaxMTctGWKBHq7bQ&oe=673A78B4&_nc_sid=76c0fc,Calmao,768
https://instagram.fbog11-1.fna.fbcdn.net/v/t51.29350-15/463903688_2058859791243299_8971750473898161695_n.jpg?stp=dst-jpg_e35&efg=eyJ2ZW5jb2RlX3RhZyI6ImltYWdlX3VybGdlbi4xMDgweDEwODAuc2RyLmYyOTM1MC5kZWZhdWx0X2ltYWdlIn0&_nc_ht=instagram.fbog11-1.fna.fbcdn.net&_nc_cat=111&_nc_ohc=21H-rHvcYZcQ7kNvgESq0Vt&_nc_gid=1ccb199bf4ec499488ca88bc312cfde2&edm=AFlAz-oBAAAA&ccb=7-5&ig_cache_key=MzQ4MjMwMjExNTIzNDQzMDU2OQ%3D%3D.3-ccb7-5&oh=00_AYCf7v0rxKI7dZrXj0uXS_1giKHPf8wuyMwSHI9pwuYwaw&oe=673A8459&_nc_sid=76c0fc,Calmao,698
https://instagram.fbog11-1.fna.fbcdn.net/v/t51.29350-15/465898249_851383883854488_2886785012394219077_n.jpg?stp=dst-jpg_e35&efg=eyJ2ZW5jb2RlX3RhZyI6ImltYWdlX3VybGdlbi44MTB4NjA3LnNkci5mMjkzNTAuZGVmYXVsdF9pbWFnZSJ9&_nc_ht=instagram.fbog11-1.fna.fbcdn.net&_nc_cat=1&_nc_ohc=9ttm90H2s0YQ7kNvgGPsLtd&_nc_gid=1ccb199bf4ec499488ca88bc312cfde2&edm=AFlAz-oBAAAA&ccb=7-5&ig_cache_key=MzQ5ODEyOTE1NTc4NzE2MTI3Ng%3D%3D.3-ccb7-5&oh=00_AYCKgLxg6ekQQsHahQyZ-C0QjOt_OOI-vNnfVlBh-_KVZw&oe=673A6EAE&_nc_sid=76c0fc,Calmao,161
https://instagram.fbog11-1.fna.fbcdn.net/v/t51.29350-15/465126126_521422380810515_7445411043987373002_n.jpg?stp=dst-jpg_e35&efg=eyJ2ZW5jb2RlX3RhZyI6ImltYWdlX3VybGdlbi4xMDgweDEwODAuc2RyLmYyOTM1MC5kZWZhdWx0X2ltYWdlIn0&_nc_ht=instagram.fbog11-1.fna.fbcdn.net&_nc_cat=111&_nc_ohc=nfg63tb8A1oQ7kNvgEdwNQZ&_nc_gid=1ccb199bf4ec499488ca88bc312cfde2&edm=AFlAz-oBAAAA&ccb=7-5&ig_cache_key=MzQ5MTIzODU5NDYxNjExNDE3Mg%3D%3D.3-ccb7-5&oh=00_AYBtgBOho5q9AQJMAVSAOHOoOOKM7U4ahX0cBekLLN2ayw&oe=673A98CD&_nc_sid=76c0fc,Calmao,255
https://instagram.fbog11-1.fna.fbcdn.net/v/t51.29350-15/464326441_2365092303875090_3149694718104444852_n.jpg?stp=dst-jpg_e35&efg=eyJ2ZW5jb2RlX3RhZyI6ImltYWdlX3VybGdlbi4xNDQweDE0NDAuc2RyLmYyOTM1MC5kZWZhdWx0X2ltYWdlIn0&_nc_ht=instagram.fbog11-1.fna.fbcdn.net&_nc_cat=102&_nc_ohc=6g5j2JHAMSkQ7kNvgGlO8s1&_nc_gid=1ccb199bf4ec499488ca88bc312cfde2&edm=AFlAz-oBAAAA&ccb=7-5&ig_cache_key=MzQ4NTM4MzY5OTg2MzM3NjIzMg%3D%3D.3-ccb7-5&oh=00_AYCDRFq0_k1ornZKbAjBCuEwVIIpcLyLNt0IpehILXx0Ow&oe=673A9E21&_nc_sid=76c0fc,Calmao,262
https://instagram.fbog10-1.fna.fbcdn.net/v/t51.29350-15/463360781_488744924166415_6766935494750921614_n.jpg?stp=dst-jpg_e35&efg=eyJ2ZW5jb2RlX3RhZyI6ImltYWdlX3VybGdlbi4xNDQweDE0NDkuc2RyLmYyOTM1MC5kZWZhdWx0X2ltYWdlIn0&_nc_ht=instagram.fbog10-1.fna.fbcdn.net&_nc_cat=107&_nc_ohc=Q1kKUK4XlF0Q7kNvgEf7-kb&_nc_gid=1ccb199bf4ec499488ca88bc312cfde2&edm=AFlAz-oBAAAA&ccb=7-5&ig_cache_key=MzQ4MDMzNjcxNzUyMTgwMjc4MQ%3D%3D.3-ccb7-5&oh=00_AYCieRphcq2nSJA5oBZLBKxp84oCxhThQFa0dFk8eadpsA&oe=673A9999&_nc_sid=76c0fc,Calmao,608
https://instagram.fbog11-1.fna.fbcdn.net/v/t51.29350-15/457624339_487328320817830_5831138107960447064_n.jpg?stp=dst-jpg_e35&efg=eyJ2ZW5jb2RlX3RhZyI6ImltYWdlX3VybGdlbi4xNDQweDE4MDAuc2RyLmYyOTM1MC5kZWZhdWx0X2ltYWdlIn0&_nc_ht=instagram.fbog11-1.fna.fbcdn.net&_nc_cat=110&_nc_ohc=vMxyluRXqtwQ7kNvgGKpEH2&_nc_gid=1ccb199bf4ec499488ca88bc312cfde2&edm=AFlAz-oBAAAA&ccb=7-5&ig_cache_key=MzQ0Nzk3MDA5MDg1ODE0Nzk4Mw%3D%3D.3-ccb7-5&oh=00_AYD6QKopViKiaNRG4xCOlwhXvcawUceEa4f0mSZqBq5SWA&oe=673AA3D7&_nc_sid=76c0fc,Calmao,585
https://instagram.fbog10-1.fna.fbcdn.net/v/t51.29350-15/466134747_1273493497195564_117837814844950006_n.jpg?stp=dst-jpg_e15&efg=eyJ2ZW5jb2RlX3RhZyI6ImltYWdlX3VybGdlbi43MjB4NzIwLnNkci5mMjkzNTAuZGVmYXVsdF9jb3Zlcl9mcmFtZSJ9&_nc_ht=instagram.fbog10-1.fna.fbcdn.net&_nc_cat=104&_nc_ohc=NqR2MXz9hHwQ7kNvgHC5xnW&_nc_gid=1ccb199bf4ec499488ca88bc312cfde2&edm=AFlAz-oBAAAA&ccb=7-5&ig_cache_key=MzQ5ODQ2MTEwMjkzMDkzMzU5MQ%3D%3D.3-ccb7-5&oh=00_AYDtnFsKQ3lDCSmeqriuMj9rceh1uSmiwssbwrII5PC4aQ&oe=673A78B1&_nc_sid=76c0fc,Calmao,620
https://instagram.fbog11-1.fna.fbcdn.net/v/t51.29350-15/465297445_1759267094829203_1432993767110125532_n.jpg?stp=dst-jpg_e35&efg=eyJ2ZW5jb2RlX3RhZyI6ImltYWdlX3VybGdlbi4xMDgweDEwODAuc2RyLmYyOTM1MC5kZWZhdWx0X2ltYWdlIn0&_nc_ht=instagram.fbog11-1.fna.fbcdn.net&_nc_cat=111&_nc_ohc=7VgYKmoSw8UQ7kNvgFVI3-4&_nc_gid=1ccb199bf4ec499488ca88bc312cfde2&edm=AFlAz-oBAAAA&ccb=7-5&ig_cache_key=MzQ5MzM4Njg4NTY5NDA0OTQ1NA%3D%3D.3-ccb7-5&oh=00_AYAht02wLRLkHoSKK8199QMjkrUJ2W9CtbUHwAmOi9uIzg&oe=673AA0D1&_nc_sid=76c0fc,Calmao,917
https://instagram.fbog11-1.fna.fbcdn.net/v/t51.29350-15/456773839_494571849877349_6070347143613718988_n.webp?stp=dst-jpg_e35&efg=eyJ2ZW5jb2RlX3RhZyI6ImltYWdlX3VybGdlbi4xMDgweDEwODAuc2RyLmYyOTM1MC5kZWZhdWx0X2ltYWdlIn0&_nc_ht=instagram.fbog11-1.fna.fbcdn.net&_nc_cat=105&_nc_ohc=c2XzZrGkQh0Q7kNvgFj9tYH&_nc_gid=1ccb199bf4ec499488ca88bc312cfde2&edm=AFlAz-oBAAAA&ccb=7-5&ig_cache_key=MzQ0NjY1NTA1NDI1NjcyNDEwMw%3D%3D.3-ccb7-5&oh=00_AYD8viceyVpwHv2cvnDKHyqh-wBIhOu_q7B4NAxDGGj81w&oe=673A7CD8&_nc_sid=76c0fc,Calmao,401
https://instagram.fbog11-1.fna.fbcdn.net/v/t51.29350-15/455808501_1290652651909186_970752276279866987_n.jpg?stp=dst-jpegr_e35&efg=eyJ2ZW5jb2RlX3RhZyI6ImltYWdlX3VybGdlbi4xNDQweDEwNzkuaGRyLmYyOTM1MC5kZWZhdWx0X2ltYWdlIn0&_nc_ht=instagram.fbog11-1.fna.fbcdn.net&_nc_cat=110&_nc_ohc=L8wy4Jnh6A8Q7kNvgFiYFCs&_nc_gid=1ccb199bf4ec499488ca88bc312cfde2&edm=AFlAz-oBAAAA&ccb=7-5&ig_cache_key=MzQzNTU1NDIwMjQ3NzA0NjY4NA%3D%3D.3-ccb7-5&oh=00_AYDmjnGvAPL2j4g60ZJtGoXXUQgX3XFcTOgAtRAFzmkH_w&oe=673A9610&_nc_sid=76c0fc,Calmao,651
https://instagram.fbog11-1.fna.fbcdn.net/v/t51.29350-15/463794223_511797755009967_544803685149364160_n.webp?stp=dst-jpg_e35&efg=eyJ2ZW5jb2RlX3RhZyI6ImltYWdlX3VybGdlbi4xNDQweDEyMTUuc2RyLmYyOTM1MC5kZWZhdWx0X2ltYWdlIn0&_nc_ht=instagram.fbog11-1.fna.fbcdn.net&_nc_cat=103&_nc_ohc=9Yl1Jh9ytNYQ7kNvgHUmDYJ&_nc_gid=1ccb199bf4ec499488ca88bc312cfde2&edm=AFlAz-oBAAAA&ccb=7-5&ig_cache_key=MzQ4MTkxNTQ0MDk0MDg0ODc0Mg%3D%3D.3-ccb7-5&oh=00_AYBGiahZayVew7n0cNrsBV6aAg_xEW0LMJq46nFSxe8ybQ&oe=673AA2F2&_nc_sid=76c0fc,Calmao,602
https://instagram.fbog11-1.fna.fbcdn.net/v/t51.2885-15/463350224_18460582345035461_7467350609706280615_n.jpg?stp=dst-jpg_e35&efg=eyJ2ZW5jb2RlX3RhZyI6ImltYWdlX3VybGdlbi4xMDgweDEwODAuc2RyLmY3NTc2MS5kZWZhdWx0X2ltYWdlIn0&_nc_ht=instagram.fbog11-1.fna.fbcdn.net&_nc_cat=105&_nc_ohc=bnprvifXk3oQ7kNvgGm86gy&_nc_gid=1ccb199bf4ec499488ca88bc312cfde2&edm=AFlAz-oBAAAA&ccb=7-5&ig_cache_key=MzQ3OTMyMzczMDk5MDM5NTU5NA%3D%3D.3-ccb7-5&oh=00_AYCm0SzcO3_Ig7uJ-kkGubAErWw13aRdxtLV7zMl09jVdA&oe=673A7E44&_nc_sid=76c0fc,Calmao,417
https://instagram.fbog11-1.fna.fbcdn.net/v/t51.29350-15/457184713_1458731678174666_5297686989925140553_n.jpg?stp=dst-jpg_e35&efg=eyJ2ZW5jb2RlX3RhZyI6ImltYWdlX3VybGdlbi4xMDI0eDEwMjQuc2RyLmYyOTM1MC5kZWZhdWx0X2ltYWdlIn0&_nc_ht=instagram.fbog11-1.fna.fbcdn.net&_nc_cat=102&_nc_ohc=gUcAD6NwREEQ7kNvgEVsp2Z&_nc_gid=1ccb199bf4ec499488ca88bc312cfde2&edm=AFlAz-oBAAAA&ccb=7-5&ig_cache_key=MzQ0NDkwNDY3OTIyNDkyMTc3Ng%3D%3D.3-ccb7-5&oh=00_AYDQ8EoNOW7Ecs5VNuP49CFX9QrFa4cx66Ro5bfU8Ju8FQ&oe=673A757C&_nc_sid=76c0fc,Calmao,293
https://instagram.fbog10-1.fna.fbcdn.net/v/t51.29350-15/465945039_595535499677160_5866741303891966755_n.webp?stp=dst-jpg_e35&efg=eyJ2ZW5jb2RlX3RhZyI6ImltYWdlX3VybGdlbi4xMDgweDEwODAuc2RyLmYyOTM1MC5kZWZhdWx0X2ltYWdlIn0&_nc_ht=instagram.fbog10-1.fna.fbcdn.net&_nc_cat=100&_nc_ohc=KYnxjBro4_0Q7kNvgF6CI-g&_nc_gid=1ccb199bf4ec499488ca88bc312cfde2&edm=AFlAz-oBAAAA&ccb=7-5&ig_cache_key=MzQ5NTYxMjU1ODczNDU3NTgxOA%3D%3D.3-ccb7-5&oh=00_AYA1NfozrCS0hXR1FUjExPEml4KR8qYxZO04tYj4iLp4QA&oe=673A858F&_nc_sid=76c0fc,Calmao,522
https://instagram.fbog10-1.fna.fbcdn.net/v/t51.29350-15/456325073_879859764020011_4500340138807619933_n.jpg?stp=dst-jpg_e35&efg=eyJ2ZW5jb2RlX3RhZyI6ImltYWdlX3VybGdlbi4xNDQweDE4MDAuc2RyLmYyOTM1MC5kZWZhdWx0X2ltYWdlIn0&_nc_ht=instagram.fbog10-1.fna.fbcdn.net&_nc_cat=107&_nc_ohc=ELUG-jvoB00Q7kNvgFJkXIf&_nc_gid=1ccb199bf4ec499488ca88bc312cfde2&edm=AFlAz-oBAAAA&ccb=7-5&ig_cache_key=MzQ0MDIxMDkxNzk3MDM2OTUwMQ%3D%3D.3-ccb7-5&oh=00_AYDoFujzR45XNo410Tt95WlcJ0gpIukyjxf3WQ94cniCyw&oe=673A9227&_nc_sid=76c0fc,Calmao,919
https://instagram.fbog10-1.fna.fbcdn.net/v/t51.29350-15/462905666_527327003372308_1240282975903335945_n.heic?stp=dst-jpg_e35&efg=eyJ2ZW5jb2RlX3RhZyI6ImltYWdlX3VybGdlbi4xNDQweDE4MDAuc2RyLmYyOTM1MC5kZWZhdWx0X2ltYWdlIn0&_nc_ht=instagram.fbog10-1.fna.fbcdn.net&_nc_cat=104&_nc_ohc=B0HOXivwV14Q7kNvgErdPRF&_nc_gid=1ccb199bf4ec499488ca88bc312cfde2&edm=AFlAz-oBAAAA&ccb=7-5&ig_cache_key=MzQ3NzMwNjgwNDA5Njk2OTg3MA%3D%3D.3-ccb7-5&oh=00_AYAsYOb8Fv5izSW7qZ1iUEQuw26mBumbs17WDnEPIFIZ3Q&oe=673A7752&_nc_sid=76c0fc,Calmao,228
https://instagram.fbog11-1.fna.fbcdn.net/v/t51.2885-15/464564342_18042202898123819_5739750050539372550_n.jpg?stp=dst-jpg_e35&efg=eyJ2ZW5jb2RlX3RhZyI6ImltYWdlX3VybGdlbi4xMTkweDE0ODUuc2RyLmY3NTc2MS5kZWZhdWx0X2ltYWdlIn0&_nc_ht=instagram.fbog11-1.fna.fbcdn.net&_nc_cat=111&_nc_ohc=6Bhh1bPc4zMQ7kNvgExNiZ1&_nc_gid=1ccb199bf4ec499488ca88bc312cfde2&edm=AFlAz-oBAAAA&ccb=7-5&ig_cache_key=MzQ4NjY2ODU1ODQxNzUzNTg2NA%3D%3D.3-ccb7-5&oh=00_AYANIFLFPMAu0pgDlCk4EYV9ZADskpqqdHHWY2-c5kbXfg&oe=673A841E&_nc_sid=76c0fc,Calmao,781
https://instagram.fbog10-1.fna.fbcdn.net/v/t51.29350-15/463365183_1079994003577584_5974135771756000357_n.webp?stp=dst-jpg_e35&efg=eyJ2ZW5jb2RlX3RhZyI6ImltYWdlX3VybGdlbi4xMDgweDEzNTAuc2RyLmYyOTM1MC5kZWZhdWx0X2ltYWdlIn0&_nc_ht=instagram.fbog10-1.fna.fbcdn.net&_nc_cat=100&_nc_ohc=Ob_FCaC98uMQ7kNvgG_05vW&_nc_gid=1ccb199bf4ec499488ca88bc312cfde2&edm=AFlAz-oBAAAA&ccb=7-5&ig_cache_key=MzQ3OTY0MzUyODQ0OTQzNzU3MQ%3D%3D.3-ccb7-5&oh=00_AYAz2qCYvOKqgm8s6VX_0AFSzaTQJbcuPDceTWBY47cYVg&oe=673A7E9E&_nc_sid=76c0fc,Calmao,283
https://instagram.fbog10-1.fna.fbcdn.net/v/t51.29350-15/457132305_1924769247969932_7628173943748377271_n.jpg?stp=dst-jpg_e35&efg=eyJ2ZW5jb2RlX3RhZyI6ImltYWdlX3VybGdlbi4xNDQweDE2ODQuc2RyLmYyOTM1MC5kZWZhdWx0X2ltYWdlIn0&_nc_ht=instagram.fbog10-1.fna.fbcdn.net&_nc_cat=108&_nc_ohc=ntqIiD8_rFcQ7kNvgGe8Ngf&_nc_gid=1ccb199bf4ec499488ca88bc312cfde2&edm=AFlAz-oBAAAA&ccb=7-5&ig_cache_key=MzQ0NDA1MjcyODAyNjI1NjAwOA%3D%3D.3-ccb7-5&oh=00_AYCW0DVW2Mi68dzsecH79TxJ1SHw81Pr--Iew9byr1xenw&oe=673A9EB8&_nc_sid=76c0fc,Calmao,548
https://instagram.fbog10-1.fna.fbcdn.net/v/t51.29350-15/464887237_571930028701320_5731225974019338340_n.webp?stp=dst-jpg_e35&efg=eyJ2ZW5jb2RlX3RhZyI6ImltYWdlX3VybGdlbi4xMDgweDEyMTUuc2RyLmYyOTM1MC5kZWZhdWx0X2ltYWdlIn0&_nc_ht=instagram.fbog10-1.fna.fbcdn.net&_nc_cat=100&_nc_ohc=TKAX1aK6su0Q7kNvgFjJsUe&_nc_gid=1ccb199bf4ec499488ca88bc312cfde2&edm=AFlAz-oBAAAA&ccb=7-5&ig_cache_key=MzQ4OTg4ODA5MDQxNzc5NDY1OQ%3D%3D.3-ccb7-5&oh=00_AYBZ6emwaD0DNlBLTfyz1rD7VKFbZKfiQURpaw4TK3azXQ&oe=673A80B7&_nc_sid=76c0fc,Calmao,296
https://instagram.fbog11-1.fna.fbcdn.net/v/t51.29350-15/465520953_1428329568571360_2804672447430796232_n.jpg?stp=dst-jpg_e35&efg=eyJ2ZW5jb2RlX3RhZyI6ImltYWdlX3VybGdlbi44MTl4ODExLnNkci5mMjkzNTAuZGVmYXVsdF9pbWFnZSJ9&_nc_ht=instagram.fbog11-1.fna.fbcdn.net&_nc_cat=1&_nc_ohc=Onf7_q3QnboQ7kNvgEP6bLD&_nc_gid=1ccb199bf4ec499488ca88bc312cfde2&edm=AFlAz-oBAAAA&ccb=7-5&ig_cache_key=MzQ5NDAwNzQ4NDMwODIyODE0NA%3D%3D.3-ccb7-5&oh=00_AYAdAxhIHa9yrpbv8Z_SrJhmxlo_cFxETIF33v5CDYu_qw&oe=673A7896&_nc_sid=76c0fc,Calmao,987
https://instagram.fbog11-1.fna.fbcdn.net/v/t51.29350-15/457612533_1044324483757439_2870677173488963462_n.jpg?stp=dst-jpg_e35&efg=eyJ2ZW5jb2RlX3RhZyI6ImltYWdlX3VybGdlbi4xNDQweDE0NDAuc2RyLmYyOTM1MC5kZWZhdWx0X2ltYWdlIn0&_nc_ht=instagram.fbog11-1.fna.fbcdn.net&_nc_cat=111&_nc_ohc=JZeEsDy38pQQ7kNvgHrX7Kf&_nc_gid=1ccb199bf4ec499488ca88bc312cfde2&edm=AFlAz-oBAAAA&ccb=7-5&ig_cache_key=MzQ0NzA5ODY3MzM1MDUzODgwMQ%3D%3D.3-ccb7-5&oh=00_AYDPwvaZxQYUfg1LCG3wB7l_Hx0HsHRnESbdMnb1Ceg0xw&oe=673A866B&_nc_sid=76c0fc,Calmao,905
https://instagram.fbog10-1.fna.fbcdn.net/v/t51.29350-15/458079084_1232932617859516_771195918616072355_n.webp?stp=dst-jpg_e35&efg=eyJ2ZW5jb2RlX3RhZyI6ImltYWdlX3VybGdlbi4xMDgweDEzNTAuc2RyLmYyOTM1MC5kZWZhdWx0X2ltYWdlIn0&_nc_ht=instagram.fbog10-1.fna.fbcdn.net&_nc_cat=104&_nc_ohc=3VZRR9h-rXIQ7kNvgFfVveG&_nc_gid=7f9bfe248e1c40028c2f80a6722c9a16&edm=AFlAz-oBAAAA&ccb=7-5&ig_cache_key=MzQ0ODQ5MDUwMTI5ODg1ODc0Ng%3D%3D.3-ccb7-5&oh=00_AYATzRm6ZlGfVmwWAHO5-kpMtO2_YXQDWjjxLu25uv5rtA&oe=673A7374&_nc_sid=76c0fc,Calmao,432
https://instagram.fbog11-1.fna.fbcdn.net/v/t51.29350-15/463133558_1045091950728575_1630193855098035487_n.jpg?stp=dst-jpg_e35&efg=eyJ2ZW5jb2RlX3RhZyI6ImltYWdlX3VybGdlbi45MjB4Nzg0LnNkci5mMjkzNTAuZGVmYXVsdF9pbWFnZSJ9&_nc_ht=instagram.fbog11-1.fna.fbcdn.net&_nc_cat=111&_nc_ohc=Tic32bofn8wQ7kNvgHAuiea&_nc_gid=7f9bfe248e1c40028c2f80a6722c9a16&edm=AFlAz-oBAAAA&ccb=7-5&ig_cache_key=MzQ3OTU4NTE4MDQ1MzM1MDM1OA%3D%3D.3-ccb7-5&oh=00_AYDGw30c8_gMCSvOqngHaRHIjlQhnkS9QtPcPalF7JhyiA&oe=673A6E6E&_nc_sid=76c0fc,Calmao,668
https://instagram.fbog10-1.fna.fbcdn.net/v/t51.29350-15/465827523_2325377141138500_8836454605558815867_n.jpg?stp=dst-jpg_e35&efg=eyJ2ZW5jb2RlX3RhZyI6ImltYWdlX3VybGdlbi4xMDgweDEwODAuc2RyLmYyOTM1MC5kZWZhdWx0X2ltYWdlIn0&_nc_ht=instagram.fbog10-1.fna.fbcdn.net&_nc_cat=104&_nc_ohc=0EjgrfFc4YQQ7kNvgEeao77&_nc_gid=7f9bfe248e1c40028c2f80a6722c9a16&edm=AFlAz-oBAAAA&ccb=7-5&ig_cache_key=MzQ5NTkzMDMwNzE5OTI5MzY0MQ%3D%3D.3-ccb7-5&oh=00_AYDwIdaMQxS7vj_Z0TuFR52CVA4AWxJPXwckastOSw3DFQ&oe=673A892A&_nc_sid=76c0fc,Calmao,914
https://instagram.fbog10-1.fna.fbcdn.net/v/t51.29350-15/465218942_1094092441579900_1929097131575291804_n.jpg?stp=dst-jpg_e35&efg=eyJ2ZW5jb2RlX3RhZyI6ImltYWdlX3VybGdlbi4xMDgweDEwODAuc2RyLmYyOTM1MC5kZWZhdWx0X2ltYWdlIn0&_nc_ht=instagram.fbog10-1.fna.fbcdn.net&_nc_cat=104&_nc_ohc=khL3FRn4nskQ7kNvgEI5eA9&_nc_gid=7f9bfe248e1c40028c2f80a6722c9a16&edm=AFlAz-oBAAAA&ccb=7-5&ig_cache_key=MzQ5MDA2MzgzMDQ5Njk1Njk0Ng%3D%3D.3-ccb7-5&oh=00_AYCcTOBh5rqFKSz9d6CRiQrtY99sUIzIAYDYvxI2Mifckw&oe=673A7D14&_nc_sid=76c0fc,Calmao,942
https://instagram.fbog11-1.fna.fbcdn.net/v/t51.29350-15/461118322_1298373407802034_2974698137947873144_n.jpg?stp=dst-jpg_e15&efg=eyJ2ZW5jb2RlX3RhZyI6ImltYWdlX3VybGdlbi43MjB4NTQwLnNkci5mMjkzNTAuZGVmYXVsdF9jb3Zlcl9mcmFtZSJ9&_nc_ht=instagram.fbog11-1.fna.fbcdn.net&_nc_cat=110&_nc_ohc=e4dVRz8vnUYQ7kNvgG9YO1g&_nc_gid=7f9bfe248e1c40028c2f80a6722c9a16&edm=AFlAz-oBAAAA&ccb=7-5&ig_cache_key=MzQ2NDQ4NTA4OTM0ODA1NDkwMg%3D%3D.3-ccb7-5&oh=00_AYBBE_HOsa1KeAh-_Cdl7RJa00GESfY6Lsgz4sYjzEXvzg&oe=673A6C8D&_nc_sid=76c0fc,Calmao,484
https://instagram.fbog10-1.fna.fbcdn.net/v/t39.30808-6/455890810_18124626499370301_4949932936591565637_n.jpg?stp=dst-jpg_e35&efg=eyJ2ZW5jb2RlX3RhZyI6ImltYWdlX3VybGdlbi4xNDQweDE4MDAuc2RyLmYzMDgwOC5kZWZhdWx0X2ltYWdlIn0&_nc_ht=instagram.fbog10-1.fna.fbcdn.net&_nc_cat=109&_nc_ohc=wcRHhtJrP8oQ7kNvgHGIx22&_nc_gid=7f9bfe248e1c40028c2f80a6722c9a16&edm=AFlAz-oAAAAA&ccb=7-5&ig_cache_key=MzQzNTk0OTU3MDUyMjU2OTM5MQ%3D%3D.3-ccb7-5&oh=00_AYDVJZWv2zeSJUgxId-62CgVtGbDl3efGFAFcKDHsiwDOA&oe=673A886E&_nc_sid=76c0fc,Calmao,296
https://instagram.fbog11-1.fna.fbcdn.net/v/t51.29350-15/464756442_928337429346510_7065661220736433778_n.jpg?stp=dst-jpg_e15&efg=eyJ2ZW5jb2RlX3RhZyI6ImltYWdlX3VybGdlbi43MjB4NzIwLnNkci5mMjkzNTAuZGVmYXVsdF9jb3Zlcl9mcmFtZSJ9&_nc_ht=instagram.fbog11-1.fna.fbcdn.net&_nc_cat=106&_nc_ohc=neoAyB021uEQ7kNvgEVyyQ3&_nc_gid=7f9bfe248e1c40028c2f80a6722c9a16&edm=AFlAz-oBAAAA&ccb=7-5&ig_cache_key=MzQ4ODMwMzQ0NDA4OTQ1MDA3NA%3D%3D.3-ccb7-5&oh=00_AYAdMTmfyrBAJ57Zm0RQtLGnb-vTKUfAvE2s5q2lW_lb6w&oe=673A95C4&_nc_sid=76c0fc,Calmao,279
https://instagram.fbog10-1.fna.fbcdn.net/v/t51.29350-15/464560304_522234297363452_2221912033203575722_n.jpg?stp=dst-jpg_e35&efg=eyJ2ZW5jb2RlX3RhZyI6ImltYWdlX3VybGdlbi4xNDQweDE4MDAuc2RyLmYyOTM1MC5kZWZhdWx0X2ltYWdlIn0&_nc_ht=instagram.fbog10-1.fna.fbcdn.net&_nc_cat=108&_nc_ohc=gh8K0UhkA_wQ7kNvgHwh1J3&_nc_gid=7f9bfe248e1c40028c2f80a6722c9a16&edm=AFlAz-oBAAAA&ccb=7-5&ig_cache_key=MzQ4Njk3NDE2NjgxOTMxNjcwMg%3D%3D.3-ccb7-5&oh=00_AYDfUoUYYGleuTm9vyvkTaQKEGqedtcLAkbNSZwzzoVoBQ&oe=673A843B&_nc_sid=76c0fc,Calmao,869
https://instagram.fbog10-1.fna.fbcdn.net/v/t51.29350-15/463970446_1382420013162972_1822061502997380195_n.webp?stp=dst-jpg_e35&efg=eyJ2ZW5jb2RlX3RhZyI6ImltYWdlX3VybGdlbi4xMDgweDEwODAuc2RyLmYyOTM1MC5kZWZhdWx0X2ltYWdlIn0&_nc_ht=instagram.fbog10-1.fna.fbcdn.net&_nc_cat=100&_nc_ohc=_MGKtr2pikQQ7kNvgEpzvWZ&_nc_gid=7f9bfe248e1c40028c2f80a6722c9a16&edm=AFlAz-oBAAAA&ccb=7-5&ig_cache_key=MzQ4MTMzNTYyNjk5OTU5MzMwMg%3D%3D.3-ccb7-5&oh=00_AYAZBQ6qovs4SwllLdvtjp5ue1ba8dxPCIrYM97mTYS9yQ&oe=673A899C&_nc_sid=76c0fc,Calmao,200
https://instagram.fbog11-1.fna.fbcdn.net/v/t51.29350-15/463901415_1538517146799041_3535373133628731490_n.jpg?stp=dst-jpg_e35&efg=eyJ2ZW5jb2RlX3RhZyI6ImltYWdlX3VybGdlbi4xNDQweDEwMDUuc2RyLmYyOTM1MC5kZWZhdWx0X2ltYWdlIn0&_nc_ht=instagram.fbog11-1.fna.fbcdn.net&_nc_cat=105&_nc_ohc=jT44VwOuJT4Q7kNvgEJF1ql&_nc_gid=7f9bfe248e1c40028c2f80a6722c9a16&edm=AFlAz-oBAAAA&ccb=7-5&ig_cache_key=MzQ4MjQxNzEwMTAzMTQ5Njg2OQ%3D%3D.3-ccb7-5&oh=00_AYAF7nY6dQJSnybz5NN2myX4RHuHuOu-KaJiWBk5So6DKA&oe=673A7734&_nc_sid=76c0fc,Calmao,981
https://instagram.fbog11-1.fna.fbcdn.net/v/t51.29350-15/464445687_1453991535285615_8600042372050264492_n.jpg?stp=dst-jpg_e35&efg=eyJ2ZW5jb2RlX3RhZyI6ImltYWdlX3VybGdlbi4xNDQweDE0NDAuc2RyLmYyOTM1MC5kZWZhdWx0X2ltYWdlIn0&_nc_ht=instagram.fbog11-1.fna.fbcdn.net&_nc_cat=103&_nc_ohc=JDCo8obrcLcQ7kNvgEP901x&_nc_gid=7f9bfe248e1c40028c2f80a6722c9a16&edm=AFlAz-oBAAAA&ccb=7-5&ig_cache_key=MzQ4NjIyODE0NDk4NDkxNTQ5Nw%3D%3D.3-ccb7-5&oh=00_AYBYGQt8wrACOuz504o4em2btz8qQWA30HYKM1Hi6x3jUg&oe=673A711C&_nc_sid=76c0fc,Calmao,661
https://instagram.fbog10-1.fna.fbcdn.net/v/t51.29350-15/465452504_613402501009629_7600729506258273485_n.heic?stp=dst-jpg_e35&efg=eyJ2ZW5jb2RlX3RhZyI6ImltYWdlX3VybGdlbi4xNDQweDE4MDAuc2RyLmYyOTM1MC5kZWZhdWx0X2ltYWdlIn0&_nc_ht=instagram.fbog10-1.fna.fbcdn.net&_nc_cat=109&_nc_ohc=ABIkae8fHd4Q7kNvgGipSxT&_nc_gid=7f9bfe248e1c40028c2f80a6722c9a16&edm=AFlAz-oBAAAA&ccb=7-5&ig_cache_key=MzQ5MjU0OTU0ODExMzM2MjgwMw%3D%3D.3-ccb7-5&oh=00_AYC33iX3kM8Zsl9gii8s2AADCJHrlwtg-sWnvOerADqEmA&oe=673A7672&_nc_sid=76c0fc,Calmao,196
https://instagram.fbog10-1.fna.fbcdn.net/v/t51.29350-15/465937452_1288699905472396_1783701464520237022_n.webp?stp=dst-jpg_e35&efg=eyJ2ZW5jb2RlX3RhZyI6ImltYWdlX3VybGdlbi4xMDgweDEzNTAuc2RyLmYyOTM1MC5kZWZhdWx0X2ltYWdlIn0&_nc_ht=instagram.fbog10-1.fna.fbcdn.net&_nc_cat=104&_nc_ohc=E9XjnNzcjXQQ7kNvgEZZYty&_nc_gid=7f9bfe248e1c40028c2f80a6722c9a16&edm=AFlAz-oBAAAA&ccb=7-5&ig_cache_key=MzQ5NTUyNTc0MDY4Mzc3MDc2NQ%3D%3D.3-ccb7-5&oh=00_AYBZgrxFXBsgTHzTxV_TRHYTk_HOutzJXDn4kxTjuWFKLw&oe=673A7D75&_nc_sid=76c0fc,Calmao,319
https://instagram.fbog10-1.fna.fbcdn.net/v/t51.29350-15/465044520_1726620084801464_9190388383962152561_n.jpg?stp=dst-jpg_e35&efg=eyJ2ZW5jb2RlX3RhZyI6ImltYWdlX3VybGdlbi4xMzM0eDEzNzQuc2RyLmYyOTM1MC5kZWZhdWx0X2ltYWdlIn0&_nc_ht=instagram.fbog10-1.fna.fbcdn.net&_nc_cat=108&_nc_ohc=uQaOIjrTMzMQ7kNvgG1eCBr&_nc_gid=7f9bfe248e1c40028c2f80a6722c9a16&edm=AFlAz-oBAAAA&ccb=7-5&ig_cache_key=MzQ4OTg0NjIyNjUyNTYzOTI4Mg%3D%3D.3-ccb7-5&oh=00_AYDDJWtbhiuBXQxqX17r5LR4xnzaTjtg2N78t7RF1Dqd9Q&oe=673A9025&_nc_sid=76c0fc,Calmao,537
https://instagram.fbog11-1.fna.fbcdn.net/v/t51.29350-15/466533448_543398771754718_3946668440336218439_n.webp?stp=dst-jpg_e35&efg=eyJ2ZW5jb2RlX3RhZyI6ImltYWdlX3VybGdlbi4xMDgweDEzNTAuc2RyLmYyOTM1MC5kZWZhdWx0X2ltYWdlIn0&_nc_ht=instagram.fbog11-1.fna.fbcdn.net&_nc_cat=110&_nc_ohc=tLkOTgZxEGAQ7kNvgHcAzqZ&_nc_gid=7f9bfe248e1c40028c2f80a6722c9a16&edm=AFlAz-oBAAAA&ccb=7-5&ig_cache_key=MzQ5NzY4NDgxOTc1NTMwNTAwMg%3D%3D.3-ccb7-5&oh=00_AYBoS5Ei42MJlzgcxy-fgxWqxUGe6sELp2b90EvQA9pqaQ&oe=673A99B1&_nc_sid=76c0fc,Calmao,856
https://instagram.fbog10-1.fna.fbcdn.net/v/t51.29350-15/463130754_1216419146276572_3930856964060005410_n.jpg?stp=dst-jpg_e35&efg=eyJ2ZW5jb2RlX3RhZyI6ImltYWdlX3VybGdlbi4xMDgweDEwODAuc2RyLmYyOTM1MC5kZWZhdWx0X2ltYWdlIn0&_nc_ht=instagram.fbog10-1.fna.fbcdn.net&_nc_cat=104&_nc_ohc=LFkC5oiJdLMQ7kNvgHT44Dt&_nc_gid=7f9bfe248e1c40028c2f80a6722c9a16&edm=AFlAz-oBAAAA&ccb=7-5&ig_cache_key=MzQ3Nzk3NTUzMDM3MDY4ODM2MQ%3D%3D.3-ccb7-5&oh=00_AYA46NQPCd1WnUCNsTtJybtR0bZ4Mjl4ryNoMVU0S2kSaA&oe=673AA25C&_nc_sid=76c0fc,Calmao,570
https://instagram.fbog11-1.fna.fbcdn.net/v/t51.29350-15/464057741_525536220450221_3798663921293632245_n.jpg?stp=dst-jpg_e35&efg=eyJ2ZW5jb2RlX3RhZyI6ImltYWdlX3VybGdlbi4xNDQweDE4MDAuc2RyLmYyOTM1MC5kZWZhdWx0X2ltYWdlIn0&_nc_ht=instagram.fbog11-1.fna.fbcdn.net&_nc_cat=105&_nc_ohc=7upOxga-HqQQ7kNvgEj8qmF&_nc_gid=7f9bfe248e1c40028c2f80a6722c9a16&edm=AFlAz-oBAAAA&ccb=7-5&ig_cache_key=MzQ4Mjk1Mjc2MjkzNDcxNzI5MQ%3D%3D.3-ccb7-5&oh=00_AYAfuwBokZo9hIt4GG5auS0rMjZ6Hq1o9blEK0urAszJJQ&oe=673A9639&_nc_sid=76c0fc,Calmao,141
https://instagram.fbog11-1.fna.fbcdn.net/v/t51.29350-15/465822906_3678113775668031_8916923139866619267_n.heic?stp=dst-jpg_e35&efg=eyJ2ZW5jb2RlX3RhZyI6ImltYWdlX3VybGdlbi4xNDQweDE3Mjguc2RyLmYyOTM1MC5kZWZhdWx0X2ltYWdlIn0&_nc_ht=instagram.fbog11-1.fna.fbcdn.net&_nc_cat=103&_nc_ohc=PN4Rd1rUN0gQ7kNvgHM7gcl&_nc_gid=7f9bfe248e1c40028c2f80a6722c9a16&edm=AFlAz-oBAAAA&ccb=7-5&ig_cache_key=MzQ5NDk5MzgxNTI3NzE3NjUxNw%3D%3D.3-ccb7-5&oh=00_AYCT5bxUDw02eHDy_oeodxUNCu8Rdx84kicv50bA4ObZ9w&oe=673A7460&_nc_sid=76c0fc,Calmao,966
https://instagram.fbog10-1.fna.fbcdn.net/v/t51.29350-15/455133006_1476880499700676_5533933645775601784_n.jpg?stp=dst-jpg_e35&efg=eyJ2ZW5jb2RlX3RhZyI6ImltYWdlX3VybGdlbi4xMDcyeDEzNDAuc2RyLmYyOTM1MC5kZWZhdWx0X2ltYWdlIn0&_nc_ht=instagram.fbog10-1.fna.fbcdn.net&_nc_cat=104&_nc_ohc=1dvWgO1jAHcQ7kNvgF1F0x9&_nc_gid=7f9bfe248e1c40028c2f80a6722c9a16&edm=AFlAz-oBAAAA&ccb=7-5&ig_cache_key=MzQzMzg4OTYyNDA2MjMyNTgwNg%3D%3D.3-ccb7-5&oh=00_AYDOGzYjd-PQ955shvAsUfq6mxl2_nLa3oZgvI_eiV6rXg&oe=673A7FFF&_nc_sid=76c0fc,Calmao,837
https://instagram.fbog10-1.fna.fbcdn.net/v/t51.29350-15/464060749_1808553199973232_1037363094358212466_n.jpg?stp=dst-jpg_e15&efg=eyJ2ZW5jb2RlX3RhZyI6ImltYWdlX3VybGdlbi43MjB4NzIwLnNkci5mMjkzNTAuZGVmYXVsdF9pbWFnZSJ9&_nc_ht=instagram.fbog10-1.fna.fbcdn.net&_nc_cat=100&_nc_ohc=TIsQjgtogYwQ7kNvgExhPZ4&_nc_gid=7f9bfe248e1c40028c2f80a6722c9a16&edm=AFlAz-oBAAAA&ccb=7-5&ig_cache_key=MzQ4MzIzMDg0NzQzOTA3ODQwNw%3D%3D.3-ccb7-5&oh=00_AYBeEWYnLgpHjhTosAQZMCxQ2XYuqyb6cTgZG6cU-l6lOQ&oe=673AA0AD&_nc_sid=76c0fc,Calmao,410
https://instagram.fbog11-1.fna.fbcdn.net/v/t51.29350-15/465803263_1266478767883354_3209998920785209037_n.jpg?stp=dst-jpg_e35&efg=eyJ2ZW5jb2RlX3RhZyI6ImltYWdlX3VybGdlbi4xMjkweDE2MTIuc2RyLmYyOTM1MC5kZWZhdWx0X2ltYWdlIn0&_nc_ht=instagram.fbog11-1.fna.fbcdn.net&_nc_cat=110&_nc_ohc=0S_no8niD0cQ7kNvgEbqeyx&_nc_gid=7f9bfe248e1c40028c2f80a6722c9a16&edm=AFlAz-oBAAAA&ccb=7-5&ig_cache_key=MzQ5NTAzNzQ1NDgxMTc1MjU1NQ%3D%3D.3-ccb7-5&oh=00_AYDvV68Y_NJlSdbJGQWazcp_j9TajsroPKyBZwjXmAvLUA&oe=673A97E8&_nc_sid=76c0fc,Calmao,349
https://instagram.fbog10-1.fna.fbcdn.net/v/t51.29350-15/463984480_849346024079720_1026498440834557_n.heic?stp=dst-jpg_e35&efg=eyJ2ZW5jb2RlX3RhZyI6ImltYWdlX3VybGdlbi4xNDQweDE2NTYuc2RyLmYyOTM1MC5kZWZhdWx0X2ltYWdlIn0&_nc_ht=instagram.fbog10-1.fna.fbcdn.net&_nc_cat=108&_nc_ohc=oRggwcqAPYcQ7kNvgF8Ftct&_nc_gid=7f9bfe248e1c40028c2f80a6722c9a16&edm=AFlAz-oBAAAA&ccb=7-5&ig_cache_key=MzQ4NDA0NTM5NDc2NDQ2MDkxNw%3D%3D.3-ccb7-5&oh=00_AYBeXVHFazjolcqJRppbLXFDI9QFjwkdx3p7GFf3H8aBzQ&oe=673A9613&_nc_sid=76c0fc,Calmao,504
https://instagram.fbog10-1.fna.fbcdn.net/v/t51.29350-15/458431421_1483173825737316_8057962476167591890_n.jpg?stp=dst-jpg_e35&efg=eyJ2ZW5jb2RlX3RhZyI6ImltYWdlX3VybGdlbi4xNDQweDE4MDAuc2RyLmYyOTM1MC5kZWZhdWx0X2ltYWdlIn0&_nc_ht=instagram.fbog10-1.fna.fbcdn.net&_nc_cat=100&_nc_ohc=ujTJBjdNLE8Q7kNvgEW9lgu&_nc_gid=7f9bfe248e1c40028c2f80a6722c9a16&edm=AFlAz-oBAAAA&ccb=7-5&ig_cache_key=MzQ0OTkwNDk5NTM5MTIwOTgxOQ%3D%3D.3-ccb7-5&oh=00_AYAeQQgvNtEfd1UUn7vKYMdCf5ukVJTGVh8vP2jdn5OtCA&oe=673A9799&_nc_sid=76c0fc,Calmao,117
https://instagram.fbog10-1.fna.fbcdn.net/v/t51.2885-15/464987662_18465073708034884_1784450655981570288_n.jpg?stp=dst-jpg_e35&efg=eyJ2ZW5jb2RlX3RhZyI6ImltYWdlX3VybGdlbi4xNDQweDE1NzYuc2RyLmY3NTc2MS5kZWZhdWx0X2ltYWdlIn0&_nc_ht=instagram.fbog10-1.fna.fbcdn.net&_nc_cat=104&_nc_ohc=QeD1cI3--_kQ7kNvgGJgg8D&_nc_gid=7f9bfe248e1c40028c2f80a6722c9a16&edm=AFlAz-oBAAAA&ccb=7-5&ig_cache_key=MzQ4OTczMjk2ODE2MTM4NTMwNg%3D%3D.3-ccb7-5&oh=00_AYCS0VuJKo9o9RFjhpXeryGhnHEbXWTpi8q5wyjlg1esuw&oe=673A9460&_nc_sid=76c0fc,Calmao,890
